subregion,subregion_name,year,total_pixel_count,total_area_ha
190101,Southern Southeast Alaska,1997,23535,2118.15
190101,Southern Southeast Alaska,1998,29304,2637.36
190101,Southern Southeast Alaska,1999,10617,955.53
190101,Southern Southeast Alaska,2000,19065,1715.85
190101,Southern Southeast Alaska,2001,15288,1375.92
190101,Southern Southeast Alaska,2002,16146,1453.14
190101,Southern Southeast Alaska,2003,58671,5280.39
190101,Southern Southeast Alaska,2004,40856,3677.04
190101,Southern Southeast Alaska,2005,83212,7489.08
190101,Southern Southeast Alaska,2006,50840,4575.6
190101,Southern Southeast Alaska,2007,44090,3968.1
190101,Southern Southeast Alaska,2008,6853,616.77
190101,Southern Southeast Alaska,2009,34430,3098.7
190101,Southern Southeast Alaska,2010,74596,6713.64
190101,Southern Southeast Alaska,2011,97315,8758.35
190101,Southern Southeast Alaska,2012,49922,4492.98
190101,Southern Southeast Alaska,2013,63843,5745.87
190101,Southern Southeast Alaska,2014,53658,4829.22
190101,Southern Southeast Alaska,2015,162570,14631.3
190101,Southern Southeast Alaska,2016,81310,7317.9
190101,Southern Southeast Alaska,2017,88579,7972.11
190101,Southern Southeast Alaska,2018,71036,6393.24
190101,Southern Southeast Alaska,2019,328357,29552.13
190101,Southern Southeast Alaska,2020,491256,44213.04
190101,Southern Southeast Alaska,2021,247932,22313.88
190101,Southern Southeast Alaska,2022,848405,76356.45
190101,Southern Southeast Alaska,2023,28324,2549.16
190101,Southern Southeast Alaska,2024,81682,7351.38
190101,Southern Southeast Alaska,2025,20321,1828.89
190102,Central Southeast Alaska,1997,31158,2804.22
190102,Central Southeast Alaska,1998,157371,14163.39
190102,Central Southeast Alaska,1999,17337,1560.33
190102,Central Southeast Alaska,2000,92758,8348.22
190102,Central Southeast Alaska,2001,53887,4849.83
190102,Central Southeast Alaska,2002,15164,1364.76
190102,Central Southeast Alaska,2003,68237,6141.33
190102,Central Southeast Alaska,2004,69787,6280.83
190102,Central Southeast Alaska,2005,122101,10989.09
190102,Central Southeast Alaska,2006,139440,12549.6
190102,Central Southeast Alaska,2007,112334,10110.06
190102,Central Southeast Alaska,2008,52893,4760.37
190102,Central Southeast Alaska,2009,72752,6547.68
190102,Central Southeast Alaska,2010,214532,19307.88
190102,Central Southeast Alaska,2011,107194,9647.46
190102,Central Southeast Alaska,2012,90819,8173.71
190102,Central Southeast Alaska,2013,73385,6604.65
190102,Central Southeast Alaska,2014,87848,7906.32
190102,Central Southeast Alaska,2015,75815,6823.35
190102,Central Southeast Alaska,2016,176228,15860.52
190102,Central Southeast Alaska,2017,151896,13670.64
190102,Central Southeast Alaska,2018,265389,23885.01
190102,Central Southeast Alaska,2019,1374792,123731.28
190102,Central Southeast Alaska,2020,92967,8367.03
190102,Central Southeast Alaska,2021,2850228,256520.52
190102,Central Southeast Alaska,2022,2220633,199856.97
190102,Central Southeast Alaska,2023,244615,22015.35
190102,Central Southeast Alaska,2024,98482,8863.38
190102,Central Southeast Alaska,2025,6355,571.95
190103,Northern Southeast Alaska,1997,94782,8530.38
190103,Northern Southeast Alaska,1998,49514,4456.26
190103,Northern Southeast Alaska,1999,33272,2994.48
190103,Northern Southeast Alaska,2000,109976,9897.84
190103,Northern Southeast Alaska,2001,39567,3561.03
190103,Northern Southeast Alaska,2002,54545,4909.05
190103,Northern Southeast Alaska,2003,9422,847.98
190103,Northern Southeast Alaska,2004,21734,1956.06
190103,Northern Southeast Alaska,2005,17283,1555.47
190103,Northern Southeast Alaska,2006,26695,2402.55
190103,Northern Southeast Alaska,2007,36439,3279.51
190103,Northern Southeast Alaska,2008,27716,2494.44
190103,Northern Southeast Alaska,2009,9300,837.0
190103,Northern Southeast Alaska,2010,61208,5508.72
190103,Northern Southeast Alaska,2011,32687,2941.83
190103,Northern Southeast Alaska,2012,17570,1581.3
190103,Northern Southeast Alaska,2013,98480,8863.2
190103,Northern Southeast Alaska,2014,72585,6532.65
190103,Northern Southeast Alaska,2015,27317,2458.53
190103,Northern Southeast Alaska,2016,34982,3148.38
190103,Northern Southeast Alaska,2017,15985,1438.65
190103,Northern Southeast Alaska,2018,50866,4577.94
190103,Northern Southeast Alaska,2019,154681,13921.29
190103,Northern Southeast Alaska,2020,105632,9506.88
190103,Northern Southeast Alaska,2021,224370,20193.3
190103,Northern Southeast Alaska,2022,422818,38053.62
190103,Northern Southeast Alaska,2023,245004,22050.36
190103,Northern Southeast Alaska,2024,4263,383.67
190103,Northern Southeast Alaska,2025,35115,3160.35
190201,Copper River,1997,471554,42439.86
190201,Copper River,1998,45941,4134.69
190201,Copper River,1999,375767,33819.03
190201,Copper River,2000,37461,3371.49
190201,Copper River,2001,156142,14052.78
190201,Copper River,2002,41734,3756.06
190201,Copper River,2003,76504,6885.36
190201,Copper River,2004,40456,3641.04
190201,Copper River,2005,137571,12381.39
190201,Copper River,2006,227641,20487.69
190201,Copper River,2007,463572,41721.48
190201,Copper River,2008,64485,5803.65
190201,Copper River,2009,4418,397.62
190201,Copper River,2010,38964,3506.76
190201,Copper River,2011,533974,48057.66
190201,Copper River,2012,452,40.68
190201,Copper River,2013,9096,818.64
190201,Copper River,2014,48094,4328.46
190201,Copper River,2015,146417,13177.53
190201,Copper River,2016,50299,4526.91
190201,Copper River,2017,41908,3771.72
190201,Copper River,2018,70698,6362.82
190201,Copper River,2019,39252,3532.68
190201,Copper River,2020,12894,1160.46
190201,Copper River,2021,25,2.25
190201,Copper River,2022,12889,1160.01
190201,Copper River,2023,46000,4140.0
190201,Copper River,2024,59081,5317.29
190201,Copper River,2025,3180,286.2
190202,Prince William Sound,1997,81642,7347.78
190202,Prince William Sound,1998,1498,134.82
190202,Prince William Sound,1999,2625,236.25
190202,Prince William Sound,2001,57365,5162.85
190202,Prince William Sound,2002,13577,1221.93
190202,Prince William Sound,2003,6024,542.16
190202,Prince William Sound,2004,1406,126.54
190202,Prince William Sound,2005,39450,3550.5
190202,Prince William Sound,2006,4224,380.16
190202,Prince William Sound,2007,34756,3128.04
190202,Prince William Sound,2008,9580,862.2
190202,Prince William Sound,2009,3806,342.54
190202,Prince William Sound,2010,483,43.47
190202,Prince William Sound,2011,57057,5135.13
190202,Prince William Sound,2012,15826,1424.34
190202,Prince William Sound,2013,2099,188.91
190202,Prince William Sound,2014,6463,581.67
190202,Prince William Sound,2015,5140,462.6
190202,Prince William Sound,2016,6777,609.93
190202,Prince William Sound,2017,4885,439.65
190202,Prince William Sound,2018,2034,183.06
190202,Prince William Sound,2020,8400,756.0
190202,Prince William Sound,2021,329,29.61
190202,Prince William Sound,2022,495,44.55
190202,Prince William Sound,2023,1749,157.41
190202,Prince William Sound,2024,694,62.46
190202,Prince William Sound,2025,211769,19059.21
190203,Kenai Peninsula,1997,1295269,116574.21
190203,Kenai Peninsula,1998,808882,72799.38
190203,Kenai Peninsula,1999,302592,27233.28
190203,Kenai Peninsula,2000,238499,21464.91
190203,Kenai Peninsula,2001,152811,13752.99
190203,Kenai Peninsula,2002,47921,4312.89
190203,Kenai Peninsula,2003,84779,7630.11
190203,Kenai Peninsula,2004,36358,3272.22
190203,Kenai Peninsula,2005,87835,7905.15
190203,Kenai Peninsula,2006,75466,6791.94
190203,Kenai Peninsula,2007,97605,8784.45
190203,Kenai Peninsula,2009,121502,10935.18
190203,Kenai Peninsula,2010,42767,3849.03
190203,Kenai Peninsula,2011,107920,9712.8
190203,Kenai Peninsula,2012,63342,5700.78
190203,Kenai Peninsula,2013,214124,19271.16
190203,Kenai Peninsula,2014,26201,2358.09
190203,Kenai Peninsula,2015,92773,8349.57
190203,Kenai Peninsula,2016,192575,17331.75
190203,Kenai Peninsula,2017,277609,24984.81
190203,Kenai Peninsula,2018,276022,24841.98
190203,Kenai Peninsula,2019,412004,37080.36
190203,Kenai Peninsula,2020,102219,9199.71
190203,Kenai Peninsula,2021,181486,16333.74
190203,Kenai Peninsula,2022,300417,27037.53
190203,Kenai Peninsula,2023,394635,35517.15
190203,Kenai Peninsula,2024,51761,4658.49
190203,Kenai Peninsula,2025,374362,33692.58
190204,Knik Arm,1997,270104,24309.36
190204,Knik Arm,1998,73576,6621.84
190204,Knik Arm,1999,62328,5609.52
190204,Knik Arm,2000,73399,6605.91
190204,Knik Arm,2001,105433,9488.97
190204,Knik Arm,2002,138557,12470.13
190204,Knik Arm,2003,156565,14090.85
190204,Knik Arm,2004,667712,60094.08
190204,Knik Arm,2005,223680,20131.2
190204,Knik Arm,2006,46016,4141.44
190204,Knik Arm,2007,65276,5874.84
190204,Knik Arm,2008,542,48.78
190204,Knik Arm,2009,3244,291.96
190204,Knik Arm,2010,84278,7585.02
190204,Knik Arm,2011,122635,11037.15
190204,Knik Arm,2012,28786,2590.74
190204,Knik Arm,2013,61132,5501.88
190204,Knik Arm,2014,29050,2614.5
190204,Knik Arm,2015,62945,5665.05
190204,Knik Arm,2016,94352,8491.68
190204,Knik Arm,2017,48583,4372.47
190204,Knik Arm,2018,424883,38239.47
190204,Knik Arm,2019,469060,42215.4
190204,Knik Arm,2020,348950,31405.5
190204,Knik Arm,2021,97728,8795.52
190204,Knik Arm,2022,88203,7938.27
190204,Knik Arm,2023,42299,3806.91
190204,Knik Arm,2024,7832,704.88
190204,Knik Arm,2025,17568,1581.12
190205,Susitna River,1997,1308428,117758.52
190205,Susitna River,1998,3054,274.86
190205,Susitna River,1999,29563,2660.67
190205,Susitna River,2000,10680,961.2
190205,Susitna River,2001,39743,3576.87
190205,Susitna River,2002,70015,6301.35
190205,Susitna River,2003,776007,69840.63
190205,Susitna River,2004,6303,567.27
190205,Susitna River,2005,62758,5648.22
190205,Susitna River,2006,61194,5507.46
190205,Susitna River,2007,107695,9692.55
190205,Susitna River,2008,135341,12180.69
190205,Susitna River,2009,14642,1317.78
190205,Susitna River,2010,53696,4832.64
190205,Susitna River,2011,109917,9892.53
190205,Susitna River,2012,38295,3446.55
190205,Susitna River,2013,142282,12805.38
190205,Susitna River,2014,107553,9679.77
190205,Susitna River,2015,306817,27613.53
190205,Susitna River,2016,983761,88538.49
190205,Susitna River,2017,1355056,121955.04
190205,Susitna River,2018,2287998,205919.82
190205,Susitna River,2019,841576,75741.84
190205,Susitna River,2020,78143,7032.87
190205,Susitna River,2021,2139192,192527.28
190205,Susitna River,2022,790604,71154.36
190205,Susitna River,2023,754440,67899.6
190205,Susitna River,2024,295024,26552.16
190205,Susitna River,2025,84354,7591.86
190303,Nushagak River,1999,276,24.84
190303,Nushagak River,2000,198,17.82
190303,Nushagak River,2001,143086,12877.74
190303,Nushagak River,2002,165166,14864.94
190303,Nushagak River,2003,135424,12188.16
190303,Nushagak River,2004,7654,688.86
190303,Nushagak River,2005,22539,2028.51
190303,Nushagak River,2006,32112,2890.08
190303,Nushagak River,2007,5398,485.82
190303,Nushagak River,2008,864,77.76
190303,Nushagak River,2009,2299,206.91
190303,Nushagak River,2010,137204,12348.36
190303,Nushagak River,2011,148531,13367.79
190303,Nushagak River,2012,318972,28707.48
190303,Nushagak River,2013,617569,55581.21
190303,Nushagak River,2014,215899,19430.91
190303,Nushagak River,2015,76908,6921.72
190303,Nushagak River,2016,83950,7555.5
190303,Nushagak River,2017,164708,14823.72
190303,Nushagak River,2018,46504,4185.36
190303,Nushagak River,2019,370434,33339.06
190304,Upper Kuskokwim River,1997,706470,63582.3
190304,Upper Kuskokwim River,1998,2323160,209084.4
190304,Upper Kuskokwim River,1999,579756,52178.04
190304,Upper Kuskokwim River,2000,121702,10953.18
190304,Upper Kuskokwim River,2001,39539,3558.51
190304,Upper Kuskokwim River,2002,3664,329.76
190304,Upper Kuskokwim River,2003,295698,26612.82
190304,Upper Kuskokwim River,2004,128211,11538.99
190304,Upper Kuskokwim River,2005,335471,30192.39
190304,Upper Kuskokwim River,2006,8862,797.58
190304,Upper Kuskokwim River,2007,462829,41654.61
190304,Upper Kuskokwim River,2008,135167,12165.03
190304,Upper Kuskokwim River,2009,18337,1650.33
190304,Upper Kuskokwim River,2010,102098,9188.82
190304,Upper Kuskokwim River,2011,93890,8450.1
190304,Upper Kuskokwim River,2012,12949,1165.41
190304,Upper Kuskokwim River,2013,80145,7213.05
190304,Upper Kuskokwim River,2014,115308,10377.72
190304,Upper Kuskokwim River,2015,87846,7906.14
190304,Upper Kuskokwim River,2016,49138,4422.42
190304,Upper Kuskokwim River,2017,23148,2083.32
190304,Upper Kuskokwim River,2018,19581,1762.29
190304,Upper Kuskokwim River,2019,179690,16172.1
190304,Upper Kuskokwim River,2021,1764,158.76
190304,Upper Kuskokwim River,2023,1607,144.63
190305,Lower Kuskokwim River,1998,493,44.37
190305,Lower Kuskokwim River,1999,3620,325.8
190305,Lower Kuskokwim River,2000,65563,5900.67
190305,Lower Kuskokwim River,2001,2131,191.79
190305,Lower Kuskokwim River,2002,3838,345.42
190305,Lower Kuskokwim River,2003,17898,1610.82
190305,Lower Kuskokwim River,2004,2294,206.46
190305,Lower Kuskokwim River,2005,112892,10160.28
190305,Lower Kuskokwim River,2006,52791,4751.19
190305,Lower Kuskokwim River,2007,26999,2429.91
190305,Lower Kuskokwim River,2008,1149,103.41
190305,Lower Kuskokwim River,2009,1453,130.77
190305,Lower Kuskokwim River,2010,41095,3698.55
190305,Lower Kuskokwim River,2011,1072,96.48
190305,Lower Kuskokwim River,2012,145483,13093.47
190305,Lower Kuskokwim River,2013,374018,33661.62
190305,Lower Kuskokwim River,2014,46673,4200.57
190305,Lower Kuskokwim River,2015,104005,9360.45
190305,Lower Kuskokwim River,2016,4307,387.63
190305,Lower Kuskokwim River,2017,4690,422.1
190305,Lower Kuskokwim River,2018,9589,863.01
190305,Lower Kuskokwim River,2024,24517,2206.53
190503,Kobuk-Selawik Rivers,1999,1762,158.58
190503,Kobuk-Selawik Rivers,2000,1668,150.12
190503,Kobuk-Selawik Rivers,2002,22043,1983.87
190503,Kobuk-Selawik Rivers,2004,61407,5526.63
190503,Kobuk-Selawik Rivers,2005,20719,1864.71
190503,Kobuk-Selawik Rivers,2006,752,67.68
190503,Kobuk-Selawik Rivers,2007,12272,1104.48
190503,Kobuk-Selawik Rivers,2008,2397,215.73
190503,Kobuk-Selawik Rivers,2009,48002,4320.18
190503,Kobuk-Selawik Rivers,2010,45337,4080.33
190503,Kobuk-Selawik Rivers,2011,4807,432.63
190503,Kobuk-Selawik Rivers,2012,6736,606.24
190503,Kobuk-Selawik Rivers,2013,20356,1832.04
190503,Kobuk-Selawik Rivers,2014,16671,1500.39
190503,Kobuk-Selawik Rivers,2015,13744,1236.96
190503,Kobuk-Selawik Rivers,2016,91986,8278.74
190503,Kobuk-Selawik Rivers,2017,70154,6313.86
190503,Kobuk-Selawik Rivers,2018,23078,2077.02
190705,Fortymile River-Yukon River,1998,5046,454.14
190705,Fortymile River-Yukon River,1999,25708,2313.72
190705,Fortymile River-Yukon River,2000,35578,3202.02
190705,Fortymile River-Yukon River,2001,3376,303.84
190705,Fortymile River-Yukon River,2002,164400,14796.0
190705,Fortymile River-Yukon River,2003,21390,1925.1
190705,Fortymile River-Yukon River,2004,79427,7148.43
190705,Fortymile River-Yukon River,2005,133411,12006.99
190705,Fortymile River-Yukon River,2006,53593,4823.37
190705,Fortymile River-Yukon River,2007,136401,12276.09
190705,Fortymile River-Yukon River,2008,26401,2376.09
190705,Fortymile River-Yukon River,2009,64358,5792.22
190705,Fortymile River-Yukon River,2010,127252,11452.68
190705,Fortymile River-Yukon River,2011,2759,248.31
190705,Fortymile River-Yukon River,2012,41790,3761.1
190705,Fortymile River-Yukon River,2013,39203,3528.27
190705,Fortymile River-Yukon River,2014,8550,769.5
190705,Fortymile River-Yukon River,2015,13401,1206.09
190705,Fortymile River-Yukon River,2016,67895,6110.55
190705,Fortymile River-Yukon River,2017,107358,9662.22
190705,Fortymile River-Yukon River,2018,57816,5203.44
190705,Fortymile River-Yukon River,2019,32795,2951.55
190705,Fortymile River-Yukon River,2020,20442,1839.78
190705,Fortymile River-Yukon River,2021,21990,1979.1
190705,Fortymile River-Yukon River,2022,8208,738.72
190705,Fortymile River-Yukon River,2024,46055,4144.95
190801,Porcupine River,1998,222764,20048.76
190801,Porcupine River,1999,896270,80664.3
190801,Porcupine River,2000,9902,891.18
190801,Porcupine River,2001,35120,3160.8
190801,Porcupine River,2002,1059180,95326.2
190801,Porcupine River,2003,1022237,92001.33
190801,Porcupine River,2004,78443,7059.87
190801,Porcupine River,2005,1168326,105149.34
190801,Porcupine River,2006,73617,6625.53
190801,Porcupine River,2007,176232,15860.88
190801,Porcupine River,2008,243588,21922.92
190801,Porcupine River,2009,579316,52138.44
190801,Porcupine River,2010,917714,82594.26
190801,Porcupine River,2011,29997,2699.73
190801,Porcupine River,2012,115906,10431.54
190801,Porcupine River,2013,102725,9245.25
190801,Porcupine River,2014,197939,17814.51
190801,Porcupine River,2015,82170,7395.3
190801,Porcupine River,2016,342384,30814.56
190801,Porcupine River,2017,23528,2117.52
190801,Porcupine River,2018,497,44.73
190801,Porcupine River,2019,45227,4070.43
190801,Porcupine River,2024,65845,5926.05
190802,Chandalar-Christian River,1998,162508,14625.72
190802,Chandalar-Christian River,1999,186954,16825.86
190802,Chandalar-Christian River,2000,187040,16833.6
190802,Chandalar-Christian River,2001,2275,204.75
190802,Chandalar-Christian River,2003,1776,159.84
190802,Chandalar-Christian River,2005,328441,29559.69
190802,Chandalar-Christian River,2006,207267,18654.03
190802,Chandalar-Christian River,2007,27638,2487.42
190802,Chandalar-Christian River,2008,56018,5041.62
190802,Chandalar-Christian River,2009,171920,15472.8
190802,Chandalar-Christian River,2010,390413,35137.17
190802,Chandalar-Christian River,2011,46951,4225.59
190802,Chandalar-Christian River,2013,20392,1835.28
190802,Chandalar-Christian River,2014,53150,4783.5
190802,Chandalar-Christian River,2015,5563,500.67
190802,Chandalar-Christian River,2016,14397,1295.73
190802,Chandalar-Christian River,2017,28087,2527.83
190802,Chandalar-Christian River,2018,9098,818.82
190802,Chandalar-Christian River,2019,8348,751.32
190802,Chandalar-Christian River,2024,34599,3113.91
190803,Tanana River,1997,453233,40790.97
190803,Tanana River,1998,223344,20100.96
190803,Tanana River,1999,177276,15954.84
190803,Tanana River,2000,67635,6087.15
190803,Tanana River,2001,771819,69463.71
190803,Tanana River,2002,168259,15143.31
190803,Tanana River,2003,596253,53662.77
190803,Tanana River,2004,2121560,190940.4
190803,Tanana River,2005,1097214,98749.26
190803,Tanana River,2006,1780797,160271.73
190803,Tanana River,2007,2680727,241265.43
190803,Tanana River,2008,839484,75553.56
190803,Tanana River,2009,887448,79870.32
190803,Tanana River,2010,1802794,162251.46
190803,Tanana River,2011,575654,51808.86
190803,Tanana River,2012,549385,49444.65
190803,Tanana River,2013,249644,22467.96
190803,Tanana River,2014,288810,25992.9
190803,Tanana River,2015,169634,15267.06
190803,Tanana River,2016,558121,50230.89
190803,Tanana River,2017,651975,58677.75
190803,Tanana River,2018,969086,87217.74
190803,Tanana River,2019,635592,57203.28
190803,Tanana River,2020,159574,14361.66
190803,Tanana River,2021,816649,73498.41
190803,Tanana River,2022,349566,31460.94
190803,Tanana River,2023,634043,57063.87
190803,Tanana River,2024,1023540,92118.6
190803,Tanana River,2025,438588,39472.92
190804,Beaver Creek-Yukon River,1997,20880,1879.2
190804,Beaver Creek-Yukon River,1998,124194,11177.46
190804,Beaver Creek-Yukon River,1999,156017,14041.53
190804,Beaver Creek-Yukon River,2000,64744,5826.96
190804,Beaver Creek-Yukon River,2001,7951,715.59
190804,Beaver Creek-Yukon River,2002,4234,381.06
190804,Beaver Creek-Yukon River,2003,51913,4672.17
190804,Beaver Creek-Yukon River,2004,1204304,108387.36
190804,Beaver Creek-Yukon River,2005,416974,37527.66
190804,Beaver Creek-Yukon River,2006,353453,31810.77
190804,Beaver Creek-Yukon River,2007,335051,30154.59
190804,Beaver Creek-Yukon River,2008,223509,20115.81
190804,Beaver Creek-Yukon River,2009,98670,8880.3
190804,Beaver Creek-Yukon River,2010,870565,78350.85
190804,Beaver Creek-Yukon River,2011,194021,17461.89
190804,Beaver Creek-Yukon River,2012,61670,5550.3
190804,Beaver Creek-Yukon River,2013,199337,17940.33
190804,Beaver Creek-Yukon River,2014,257247,23152.23
190804,Beaver Creek-Yukon River,2015,145138,13062.42
190804,Beaver Creek-Yukon River,2016,531400,47826.0
190804,Beaver Creek-Yukon River,2017,100873,9078.57
190804,Beaver Creek-Yukon River,2018,179348,16141.32
190804,Beaver Creek-Yukon River,2019,88985,8008.65
190804,Beaver Creek-Yukon River,2021,236508,21285.72
190804,Beaver Creek-Yukon River,2022,93952,8455.68
190804,Beaver Creek-Yukon River,2024,220779,19870.11
190901,Koyukuk River,1997,1101,99.09
190901,Koyukuk River,1998,2464,221.76
190901,Koyukuk River,1999,14669,1320.21
190901,Koyukuk River,2000,6852,616.68
190901,Koyukuk River,2001,843,75.87
190901,Koyukuk River,2003,9394,845.46
190901,Koyukuk River,2004,3452,310.68
190901,Koyukuk River,2005,10195,917.55
190901,Koyukuk River,2006,118564,10670.76
190901,Koyukuk River,2007,27585,2482.65
190901,Koyukuk River,2008,48703,4383.27
190901,Koyukuk River,2009,103507,9315.63
190901,Koyukuk River,2010,337925,30413.25
190901,Koyukuk River,2011,34725,3125.25
190901,Koyukuk River,2012,25981,2338.29
190901,Koyukuk River,2013,54617,4915.53
190901,Koyukuk River,2014,104280,9385.2
190901,Koyukuk River,2015,95626,8606.34
190901,Koyukuk River,2016,175784,15820.56
190901,Koyukuk River,2017,61438,5529.42
190901,Koyukuk River,2018,47222,4249.98
190901,Koyukuk River,2021,11466,1031.94
190901,Koyukuk River,2022,4381,394.29
190902,Melozitna River-Yukon River,1997,279724,25175.16
190902,Melozitna River-Yukon River,1998,501043,45093.87
190902,Melozitna River-Yukon River,1999,73399,6605.91
190902,Melozitna River-Yukon River,2000,64365,5792.85
190902,Melozitna River-Yukon River,2001,61509,5535.81
190902,Melozitna River-Yukon River,2003,145638,13107.42
190902,Melozitna River-Yukon River,2004,114054,10264.86
190902,Melozitna River-Yukon River,2005,50091,4508.19
190902,Melozitna River-Yukon River,2006,131227,11810.43
190902,Melozitna River-Yukon River,2007,178407,16056.63
190902,Melozitna River-Yukon River,2008,32743,2946.87
190902,Melozitna River-Yukon River,2009,179616,16165.44
190902,Melozitna River-Yukon River,2010,202594,18233.46
190902,Melozitna River-Yukon River,2011,105810,9522.9
190902,Melozitna River-Yukon River,2012,78990,7109.1
190902,Melozitna River-Yukon River,2013,39444,3549.96
190902,Melozitna River-Yukon River,2014,48903,4401.27
190902,Melozitna River-Yukon River,2015,66721,6004.89
190902,Melozitna River-Yukon River,2016,53716,4834.44
190902,Melozitna River-Yukon River,2017,38107,3429.63
190902,Melozitna River-Yukon River,2018,85763,7718.67
190902,Melozitna River-Yukon River,2021,6296,566.64
190902,Melozitna River-Yukon River,2022,517,46.53
190902,Melozitna River-Yukon River,2024,263067,23676.03
190903,Outlet Yukon River,1998,20165,1814.85
190903,Outlet Yukon River,1999,286534,25788.06
190903,Outlet Yukon River,2000,222568,20031.12
190903,Outlet Yukon River,2001,75261,6773.49
190903,Outlet Yukon River,2002,17104,1539.36
190903,Outlet Yukon River,2003,150341,13530.69
190903,Outlet Yukon River,2004,21476,1932.84
190903,Outlet Yukon River,2005,37158,3344.22
190903,Outlet Yukon River,2006,55916,5032.44
190903,Outlet Yukon River,2007,56585,5092.65
190903,Outlet Yukon River,2008,27033,2432.97
190903,Outlet Yukon River,2009,40050,3604.5
190903,Outlet Yukon River,2010,63225,5690.25
190903,Outlet Yukon River,2011,8851,796.59
190903,Outlet Yukon River,2012,932,83.88
190903,Outlet Yukon River,2013,608290,54746.1
190903,Outlet Yukon River,2014,480118,43210.62
190903,Outlet Yukon River,2015,400350,36031.5
190903,Outlet Yukon River,2016,221199,19907.91
190903,Outlet Yukon River,2017,171834,15465.06
190903,Outlet Yukon River,2018,12086,1087.74
