huc6_code,SURVEY_YEAR,DCA_COMMON_NAME,area_m2
190102,1998,spruce aphid,825.0874312469373
190102,1998,spruce aphid,81.27236739227752
190204,1999,spruce beetle,670.6043922173059
190203,1999,spruce beetle,549.3469975690423
190204,1999,spruce beetle,948.9444945162004
190204,1999,spruce beetle,666.2237987073993
190203,1999,spruce beetle,648.8387514425848
190203,1999,spruce beetle,633.3911076655968
190203,1999,spruce beetle,619.1716885416032
190203,1999,spruce beetle,337.5788662994426
190103,2001,common porcupine,599.7942165968359
190102,2001,spruce aphid,912.8869849490952
190102,2001,spruce aphid,713.6993636761922
190102,2001,spruce aphid,632.0969131073598
190102,2001,spruce aphid,1605.3924983731881
190203,2002,spruce beetle,272.72500034486484
190101,2001,flooding-high water,1164.4608874545047
190101,2001,mud-land slide,748.6561209779576
190102,2001,spruce aphid,28.336161855758505
190102,2001,common porcupine,388.31826271813435
190205,2002,Chrysomela leaf beetle,17.377741598836167
190705,2002,northern spruce engraver,14.642490994972004
190101,2001,yellow-cedar decline,43.499784579331546
190203,2002,spruce beetle,469.04338626501885
190102,2001,spruce aphid,399.57302973947026
190101,2002,yellow-cedar decline,438.0739552673908
190205,2002,Chrysomela leaf beetle,1183.3886132648522
190803,2002,defoliators,723.0671841427961
190803,2002,aspen leafminer,268.51316962299006
190205,2002,Chrysomela leaf beetle,188.0122079433565
190203,2002,spruce beetle,1.657451705749129
190102,2003,spruce beetle,745.9193908837256
190102,2003,yellow-cedar decline,148.537930088351
190203,2003,spruce beetle,1758.4949470595589
190803,2005,aspen leafminer,157.23116845582624
190205,2005,defoliators,748.8539871994749
190102,2005,yellow-cedar decline,0.4074316283808148
190203,1999,spruce beetle,248.62892653788487
190203,1999,spruce beetle,676.3888278428212
190102,2001,spruce aphid,24.09470465631755
190102,2001,yellow-cedar decline,647.1141233103431
190901,2008,northern spruce engraver,1199.8149304408614
190902,2009,aspen leafminer,2957.7870907699066
190102,2009,yellow-cedar decline,20.02891895181838
190705,2009,northern spruce engraver,3287.6331393870328
190303,2011,dieback,1308.3110965469232
190201,2011,dieback,1656.5797064662124
190901,2011,aspen leafminer,2312.8079857185694
190101,2011,spruce aphid,1529.6110085851838
190901,2011,willow leaf blotchminer,1290.4573047936997
190803,2012,"other wilt, known (code pending)",1332.2575850462713
190203,2012,defoliators,1056.0565910573812
190102,2013,hemlock sawfly,1489.518340521344
,2014,decline complex,328.1457664318433
,2014,defoliators,0.43218879484789263
,2014,defoliators,328.1457664318433
190903,2014,defoliators,272.27963850978523
190903,2014,defoliators,272.27963850978523
,2014,decline complex,8.114483637825623
,2014,decline complex,0.43218879484789263
,2014,birch leafroller,328.1457664318433
,2014,decline complex,424.88317623905596
190903,2014,birch leafroller,272.27963850978523
190303,2014,defoliators,7.0607742476698725
190303,2014,defoliators,18.207952232528864
190303,2014,defoliators,75.32013881495753
190804,2014,aspen leafminer,8.104951065531715
190804,2014,willow leaf blotchminer,8.104951065531715
,2014,defoliators,129.05718730100503
190303,2014,defoliators,0.0162371348607035
,2014,defoliators,100.72677091663053
190902,2014,defoliators,60.01181482895896
190303,2014,defoliators,94.61657192969022
190304,2014,birch leafroller,145.1756433235298
190303,2014,birch leafroller,94.61657192969022
190303,2014,birch leafroller,81.73801668959742
190204,2014,defoliators,490.9730369599192
,2014,birch leafroller,13.580695208349292
190305,2014,birch leafroller,290.6047053917305
190102,2014,yellow-cedar decline,103.07457002368358
190101,2014,hemlock sawfly,21.565279654089096
190101,2014,yellow-cedar decline,21.565279654089096
190901,2014,defoliators,464.10615852604775
190901,2014,defoliators,114.51691203832686
190901,2014,defoliators,210.7393846484192
190305,2014,defoliators,967.1397444892623
190901,2014,defoliators,0.31871878912479346
190305,2014,defoliators,88.933844520294
190901,2014,defoliators,22.54811015948138
190901,2014,large aspen tortrix,73.14293865539003
190205,2014,spruce beetle,262.05169123409155
,2014,defoliators,29.91516147151968
190303,2014,defoliators,346.80380148905203
190903,2014,defoliators,146.60670507500413
190304,2014,defoliators,8.2673280007009
190101,2015,yellow-cedar decline,388.02701495290574
190205,2015,unknown canker,178.16679680880694
,2015,unknown defoliator,534.4940075192799
190205,2015,spruce beetle,178.16679680880694
190804,2015,willow leaf blotchminer,8.669914036899975
190804,2015,aspen leafminer,8.669914036899975
190902,2015,aspen leafminer,127.85095288598198
190304,2015,unknown defoliator,161.37770722503592
190903,2015,unknown defoliator,239.23230217984076
190304,2015,unknown defoliator,218.2344288204702
190903,2015,unknown defoliator,239.23230217984076
190803,2015,unknown defoliator,1508.7127436490937
190304,2015,unknown defoliator,33.68158589254304
190304,2015,unknown defoliator,76.77953117768396
190102,2015,yellow-cedar decline,241.59903652369044
190304,2015,unknown defoliator,521.1067470776742
190901,2015,unknown defoliator,16.52210919976684
190901,2015,unknown defoliator,46.809290869554275
190103,2015,unknown defoliator,85.10412125942402
190205,2015,spruce beetle,1542.8285017422365
190903,2015,willow leaf blotchminer,492.84564023559574
190804,2015,willow leaf blotchminer,1585.8208933796743
190903,2015,willow leaf blotchminer,208.34122940434327
190901,2015,willow leaf blotchminer,403.15893973511106
190901,2015,willow leaf blotchminer,6.483689348956787
190901,2015,willow leaf blotchminer,495.7819598523172
190901,2015,willow leaf blotchminer,12.785276415520375
190803,2016,aspen leafminer,490.70036839316936
190803,2016,aspen leafminer,289.5128060080418
190801,2016,willow leaf blotchminer,336.43359218777647
190801,2016,willow leaf blotchminer,583.7694077924624
190801,2016,willow leaf blotchminer,348.20169584851743
190804,2016,aspen leafminer,178.37634089087294
190205,2016,spruce beetle,490.0079311358007
190204,2016,unknown defoliator,949.7192695648382
190803,2016,aspen leafminer,713.4212980032248
190803,2016,northern spruce engraver,938.8572673918902
190205,2017,spruce beetle,452.947586561581
190203,2018,spruce beetle,267.75469256603753
190205,2018,spruce beetle,292.3147975954354
190204,2018,birch leafminer,238.9278156152145
190203,2018,unknown defoliator,1080.5535784344638
190803,2018,unknown canker,845.8189709016729
190204,2018,spruce beetle,256.9451813740267
190204,2018,spruce beetle,353.73429897972346
190803,2018,unknown canker,530.2254617470049
190205,2018,birch leafminer,303.97642826220545
190901,2018,aspen leafminer,269.91787440263056
190901,2018,aspen leafminer,357.14152877756476
190803,2019,willow leaf blotchminer,62.75659818707531
190101,2019,yellow-cedar decline,449.08415796654043
190204,2019,spruce beetle,0.3012412205951426
190204,2019,birch leafminer,364.73716648238883
190204,2019,birch leafminer,252.33561178689266
190803,2019,willow leaf blotchminer,1182.0789688740883
190204,2019,birch leafminer,1240.0363977685772
190101,2019,yellow-cedar decline,1488.1055235798522
190803,2019,aspen leafminer,1182.0789688740883
190204,2019,spruce beetle,1240.0363977685772
190203,2019,birch leafminer,0.26608925074164347
190203,2019,spruce beetle,0.26608925074164347
190101,2019,hemlock sawfly,1488.1055235798522
190205,2019,spruce beetle,532.3586465172141
190203,2019,spruce beetle,70.81546309862318
190203,2020,spruce beetle,337.121582314955
190103,2020,hemlock sawfly,379.8724595523382
190103,2020,hemlock sawfly,322.698581806731
190101,2020,hemlock sawfly,388.35935941699876
190204,2020,spruce beetle,371.262820091485
190103,2020,hemlock sawfly,1611.2555360436725
190103,2020,hemlock sawfly,417.40881233820977
190204,2020,unknown defoliator,371.262820091485
190101,2020,hemlock sawfly,388.35935941699876
190102,2021,western blackheaded budworm,916.4494160218588
190102,2021,western blackheaded budworm,331.04549048973166
190102,2021,hemlock sawfly,331.04549048973166
190803,2023,spruce beetle,224.9745917620044
190803,2023,spruce beetle,226.72969432005561
190101,2023,yellow-cedar decline,555.284160698134
