subregion,year,native_class,pixel_count,area_ha,spatial_prevalence_pct
APIS,1990,harvest,32683,2941.47,96.396
APIS,1990,development,617,55.53,1.82
APIS,1990,beaver,408,36.72,1.203
APIS,1990,agriculture,184,16.56,0.543
APIS,1990,unknown,13,1.17,0.038
APIS,1991,harvest,29820,2683.8,91.498
APIS,1991,insect_disease_defo,1585,142.65,4.863
APIS,1991,development,975,87.75,2.992
APIS,1991,beaver,135,12.15,0.414
APIS,1991,fire,35,3.15,0.107
APIS,1991,insect_disease_mort,26,2.34,0.08
APIS,1991,unknown,15,1.35,0.046
APIS,1992,harvest,24983,2248.47,89.951
APIS,1992,development,1590,143.1,5.725
APIS,1992,fire,1045,94.05,3.763
APIS,1992,beaver,90,8.1,0.324
APIS,1992,agriculture,66,5.94,0.238
APIS,1993,harvest,26710,2403.9,88.14
APIS,1993,development,2993,269.37,9.877
APIS,1993,agriculture,332,29.88,1.096
APIS,1993,beaver,269,24.21,0.888
APIS,1994,harvest,35285,3175.65,82.807
APIS,1994,fire,4300,387.0,10.091
APIS,1994,development,1766,158.94,4.144
APIS,1994,beaver,918,82.62,2.154
APIS,1994,agriculture,342,30.78,0.803
APIS,1995,harvest,20078,1807.02,88.876
APIS,1995,development,2361,212.49,10.451
APIS,1995,agriculture,67,6.03,0.297
APIS,1995,beaver,63,5.67,0.279
APIS,1995,unknown,22,1.98,0.097
APIS,1996,harvest,17488,1573.92,93.13
APIS,1996,development,1042,93.78,5.549
APIS,1996,agriculture,236,21.24,1.257
APIS,1996,beaver,12,1.08,0.064
APIS,1997,harvest,15817,1423.53,89.463
APIS,1997,development,1647,148.23,9.316
APIS,1997,beaver,158,14.22,0.894
APIS,1997,agriculture,58,5.22,0.328
APIS,1998,harvest,21836,1965.24,86.958
APIS,1998,development,2637,237.33,10.501
APIS,1998,agriculture,378,34.02,1.505
APIS,1998,beaver,250,22.5,0.996
APIS,1998,unknown,10,0.9,0.04
APIS,1999,harvest,21721,1954.89,76.11
APIS,1999,insect_disease_defo,4655,418.95,16.311
APIS,1999,development,2080,187.2,7.288
APIS,1999,beaver,83,7.47,0.291
APIS,2000,harvest,13305,1197.45,85.535
APIS,2000,development,2027,182.43,13.031
APIS,2000,beaver,132,11.88,0.849
APIS,2000,agriculture,91,8.19,0.585
APIS,2001,insect_disease_defo,521139,46902.51,96.89
APIS,2001,harvest,14913,1342.17,2.773
APIS,2001,development,1262,113.58,0.235
APIS,2001,beaver,411,36.99,0.076
APIS,2001,agriculture,143,12.87,0.027
APIS,2002,harvest,4146,373.14,73.147
APIS,2002,insect_disease_defo,1162,104.58,20.501
APIS,2002,development,314,28.26,5.54
APIS,2002,beaver,34,3.06,0.6
APIS,2002,agriculture,12,1.08,0.212
APIS,2003,harvest,14906,1341.54,85.226
APIS,2003,development,2351,211.59,13.442
APIS,2003,agriculture,145,13.05,0.829
APIS,2003,beaver,88,7.92,0.503
APIS,2004,harvest,23564,2120.76,86.394
APIS,2004,development,3242,291.78,11.886
APIS,2004,agriculture,297,26.73,1.089
APIS,2004,beaver,172,15.48,0.631
APIS,2005,harvest,13939,1254.51,82.96
APIS,2005,development,1864,167.76,11.094
APIS,2005,agriculture,838,75.42,4.988
APIS,2005,beaver,161,14.49,0.958
APIS,2006,harvest,31045,2794.05,88.111
APIS,2006,development,3695,332.55,10.487
APIS,2006,beaver,256,23.04,0.727
APIS,2006,unknown,217,19.53,0.616
APIS,2006,agriculture,12,1.08,0.034
APIS,2006,flooding,9,0.81,0.026
APIS,2007,harvest,23132,2081.88,84.494
APIS,2007,development,3991,359.19,14.578
APIS,2007,beaver,140,12.6,0.511
APIS,2007,agriculture,114,10.26,0.416
APIS,2008,harvest,18862,1697.58,93.916
APIS,2008,development,1131,101.79,5.631
APIS,2008,beaver,59,5.31,0.294
APIS,2008,agriculture,23,2.07,0.115
APIS,2008,unknown,9,0.81,0.045
APIS,2009,harvest,16624,1496.16,90.728
APIS,2009,development,1657,149.13,9.043
APIS,2009,beaver,31,2.79,0.169
APIS,2009,agriculture,11,0.99,0.06
APIS,2010,harvest,15967,1437.03,87.009
APIS,2010,insect_disease_defo,1590,143.1,8.664
APIS,2010,development,569,51.21,3.101
APIS,2010,agriculture,158,14.22,0.861
APIS,2010,beaver,67,6.03,0.365
APIS,2011,harvest,12874,1158.66,91.04
APIS,2011,blowdown,692,62.28,4.894
APIS,2011,development,523,47.07,3.698
APIS,2011,agriculture,28,2.52,0.198
APIS,2011,beaver,15,1.35,0.106
APIS,2011,unknown,9,0.81,0.064
APIS,2012,harvest,16444,1479.96,80.285
APIS,2012,insect_disease_defo,2726,245.34,13.309
APIS,2012,development,997,89.73,4.868
APIS,2012,beaver,294,26.46,1.435
APIS,2012,agriculture,21,1.89,0.103
APIS,2013,harvest,13219,1189.71,90.678
APIS,2013,development,701,63.09,4.809
APIS,2013,agriculture,330,29.7,2.264
APIS,2013,beaver,313,28.17,2.147
APIS,2013,unknown,15,1.35,0.103
APIS,2014,harvest,15233,1370.97,92.613
APIS,2014,development,614,55.26,3.733
APIS,2014,agriculture,354,31.86,2.152
APIS,2014,beaver,177,15.93,1.076
APIS,2014,blowdown,70,6.3,0.426
APIS,2015,harvest,22110,1989.9,96.5
APIS,2015,development,565,50.85,2.466
APIS,2015,beaver,110,9.9,0.48
APIS,2015,agriculture,107,9.63,0.467
APIS,2015,unknown,20,1.8,0.087
APIS,2016,harvest,21133,1901.97,84.957
APIS,2016,blowdown,1636,147.24,6.577
APIS,2016,unknown,956,86.04,3.843
APIS,2016,development,569,51.21,2.287
APIS,2016,beaver,245,22.05,0.985
APIS,2016,agriculture,242,21.78,0.973
APIS,2016,insect_disease_mort,94,8.46,0.378
APIS,2017,harvest,18355,1651.95,93.581
APIS,2017,blowdown,474,42.66,2.417
APIS,2017,agriculture,352,31.68,1.795
APIS,2017,development,301,27.09,1.535
APIS,2017,beaver,94,8.46,0.479
APIS,2017,unknown,38,3.42,0.194
APIS,2018,harvest,19399,1745.91,93.503
APIS,2018,beaver,538,48.42,2.593
APIS,2018,unknown,534,48.06,2.574
APIS,2018,agriculture,111,9.99,0.535
APIS,2018,development,79,7.11,0.381
APIS,2018,flooding,45,4.05,0.217
APIS,2018,fire,41,3.69,0.198
INDU,2007,development,3428,308.52,77.768
INDU,2007,harvest,479,43.11,10.867
INDU,2007,flooding,289,26.01,6.556
INDU,2007,unknown,178,16.02,4.038
INDU,2007,agriculture,34,3.06,0.771
INDU,2008,development,2586,232.74,82.252
INDU,2008,flooding,188,16.92,5.98
INDU,2008,harvest,176,15.84,5.598
INDU,2008,unknown,112,10.08,3.562
INDU,2008,agriculture,82,7.38,2.608
INDU,2009,development,1562,140.58,89.925
INDU,2009,harvest,91,8.19,5.239
INDU,2009,flooding,39,3.51,2.245
INDU,2009,agriculture,31,2.79,1.785
INDU,2009,unknown,14,1.26,0.806
INDU,2010,development,1146,103.14,63.036
INDU,2010,unknown,342,30.78,18.812
INDU,2010,harvest,283,25.47,15.567
INDU,2010,flooding,27,2.43,1.485
INDU,2010,agriculture,20,1.8,1.1
INDU,2011,development,1522,136.98,65.378
INDU,2011,unknown,484,43.56,20.79
INDU,2011,harvest,322,28.98,13.832
INDU,2012,development,1402,126.18,83.652
INDU,2012,harvest,139,12.51,8.294
INDU,2012,agriculture,135,12.15,8.055
ISRO,1995,harvest,14781,1330.29,89.636
ISRO,1995,development,1154,103.86,6.998
ISRO,1995,beaver,297,26.73,1.801
ISRO,1995,agriculture,234,21.06,1.419
ISRO,1995,unknown,24,2.16,0.146
ISRO,1996,harvest,27752,2497.68,93.028
ISRO,1996,development,1291,116.19,4.328
ISRO,1996,beaver,748,67.32,2.507
ISRO,1996,agriculture,41,3.69,0.137
ISRO,1997,harvest,30955,2785.95,80.327
ISRO,1997,insect_disease_defo,4683,421.47,12.152
ISRO,1997,development,2209,198.81,5.732
ISRO,1997,beaver,535,48.15,1.388
ISRO,1997,agriculture,106,9.54,0.275
ISRO,1997,unknown,48,4.32,0.125
ISRO,1998,insect_disease_defo,111317,10018.53,71.313
ISRO,1998,harvest,41551,3739.59,26.619
ISRO,1998,development,1535,138.15,0.983
ISRO,1998,insect_disease_mort,1343,120.87,0.86
ISRO,1998,beaver,294,26.46,0.188
ISRO,1998,unknown,46,4.14,0.029
ISRO,1998,blowdown,10,0.9,0.006
ISRO,1999,harvest,32314,2908.26,67.363
ISRO,1999,insect_disease_defo,14780,1330.2,30.811
ISRO,1999,development,718,64.62,1.497
ISRO,1999,beaver,137,12.33,0.286
ISRO,1999,agriculture,21,1.89,0.044
ISRO,2000,insect_disease_defo,29431,2648.79,49.943
ISRO,2000,harvest,28067,2526.03,47.629
ISRO,2000,development,947,85.23,1.607
ISRO,2000,beaver,412,37.08,0.699
ISRO,2000,unknown,27,2.43,0.046
ISRO,2000,blowdown,24,2.16,0.041
ISRO,2000,agriculture,21,1.89,0.036
ISRO,2001,insect_disease_defo,417968,37617.12,91.045
ISRO,2001,harvest,36793,3311.37,8.015
ISRO,2001,beaver,2942,264.78,0.641
ISRO,2001,development,1220,109.8,0.266
ISRO,2001,unknown,88,7.92,0.019
ISRO,2001,insect_disease_mort,65,5.85,0.014
ISRO,2002,harvest,34929,3143.61,73.799
ISRO,2002,insect_disease_defo,10753,967.77,22.719
ISRO,2002,development,1041,93.69,2.199
ISRO,2002,agriculture,301,27.09,0.636
ISRO,2002,beaver,281,25.29,0.594
ISRO,2002,blowdown,16,1.44,0.034
ISRO,2002,unknown,9,0.81,0.019
ISRO,2003,harvest,36593,3293.37,92.843
ISRO,2003,development,2201,198.09,5.584
ISRO,2003,beaver,576,51.84,1.461
ISRO,2003,unknown,44,3.96,0.112
ISRO,2004,harvest,41313,3718.17,96.003
ISRO,2004,development,1000,90.0,2.324
ISRO,2004,beaver,688,61.92,1.599
ISRO,2004,agriculture,18,1.62,0.042
ISRO,2004,unknown,14,1.26,0.033
ISRO,2005,harvest,49362,4442.58,93.314
ISRO,2005,development,2398,215.82,4.533
ISRO,2005,beaver,951,85.59,1.798
ISRO,2005,agriculture,164,14.76,0.31
ISRO,2005,unknown,24,2.16,0.045
ISRO,2006,harvest,42534,3828.06,94.166
ISRO,2006,development,1415,127.35,3.133
ISRO,2006,beaver,1092,98.28,2.418
ISRO,2006,agriculture,119,10.71,0.263
ISRO,2006,unknown,9,0.81,0.02
ISRO,2007,harvest,23114,2080.26,94.066
ISRO,2007,development,921,82.89,3.748
ISRO,2007,beaver,537,48.33,2.185
ISRO,2008,harvest,22159,1994.31,92.476
ISRO,2008,beaver,1182,106.38,4.933
ISRO,2008,development,579,52.11,2.416
ISRO,2008,unknown,29,2.61,0.121
ISRO,2008,blowdown,13,1.17,0.054
ISRO,2009,harvest,17885,1609.65,82.306
ISRO,2009,development,2341,210.69,10.773
ISRO,2009,beaver,977,87.93,4.496
ISRO,2009,agriculture,527,47.43,2.425
ISRO,2010,harvest,19616,1765.44,90.126
ISRO,2010,development,1614,145.26,7.416
ISRO,2010,beaver,311,27.99,1.429
ISRO,2010,agriculture,213,19.17,0.979
ISRO,2010,blowdown,11,0.99,0.051
ISRO,2011,harvest,28375,2553.75,84.57
ISRO,2011,development,4343,390.87,12.944
ISRO,2011,beaver,553,49.77,1.648
ISRO,2011,blowdown,281,25.29,0.838
ISRO,2012,harvest,24319,2188.71,83.522
ISRO,2012,development,2761,248.49,9.482
ISRO,2012,beaver,1796,161.64,6.168
ISRO,2012,blowdown,197,17.73,0.677
ISRO,2012,agriculture,44,3.96,0.151
ISRO,2013,harvest,13998,1259.82,72.371
ISRO,2013,development,3353,301.77,17.335
ISRO,2013,beaver,1765,158.85,9.125
ISRO,2013,fire,217,19.53,1.122
ISRO,2013,agriculture,9,0.81,0.047
ISRO,2014,harvest,18298,1646.82,85.401
ISRO,2014,development,1428,128.52,6.665
ISRO,2014,beaver,974,87.66,4.546
ISRO,2014,agriculture,702,63.18,3.276
ISRO,2014,unknown,24,2.16,0.112
ISRO,2015,harvest,17202,1548.18,82.417
ISRO,2015,development,2119,190.71,10.152
ISRO,2015,beaver,1124,101.16,5.385
ISRO,2015,agriculture,343,30.87,1.643
ISRO,2015,unknown,55,4.95,0.264
ISRO,2015,insect_disease_mort,29,2.61,0.139
ISRO,2016,harvest,17626,1586.34,86.84
ISRO,2016,development,1889,170.01,9.307
ISRO,2016,beaver,640,57.6,3.153
ISRO,2016,blowdown,94,8.46,0.463
ISRO,2016,unknown,31,2.79,0.153
ISRO,2016,agriculture,17,1.53,0.084
ISRO,2017,harvest,15091,1358.19,79.707
ISRO,2017,development,1868,168.12,9.866
ISRO,2017,beaver,1454,130.86,7.68
ISRO,2017,agriculture,520,46.8,2.747
MISS,1990,development,5766,518.94,100.0
MISS,1991,development,8779,790.11,100.0
MISS,1992,development,6887,619.83,100.0
MISS,1993,development,10226,920.34,100.0
MISS,1994,development,9546,859.14,100.0
MISS,1995,development,10752,967.68,100.0
MISS,1996,development,16590,1493.1,99.94
MISS,1996,fire,10,0.9,0.06
MISS,1997,development,8598,773.82,100.0
MISS,1998,development,13128,1181.52,100.0
MISS,1999,development,13050,1174.5,100.0
MISS,2000,development,19306,1737.54,99.907
MISS,2000,fire,18,1.62,0.093
MISS,2001,development,9240,831.6,100.0
MISS,2002,development,5293,476.37,99.418
MISS,2002,blowdown,31,2.79,0.582
MISS,2003,development,9937,894.33,98.085
MISS,2003,unknown,194,17.46,1.915
MISS,2004,development,5111,459.99,99.61
MISS,2004,agriculture,20,1.8,0.39
MISS,2005,development,6642,597.78,99.283
MISS,2005,unknown,28,2.52,0.419
MISS,2005,flooding,20,1.8,0.299
MISS,2006,development,10778,970.02,100.0
MISS,2007,development,3883,349.47,99.615
MISS,2007,unknown,15,1.35,0.385
MISS,2008,development,1192,107.28,96.44
MISS,2008,flooding,44,3.96,3.56
MISS,2009,development,689,62.01,100.0
MISS,2010,development,993,89.37,100.0
MISS,2011,development,1040,93.6,97.928
MISS,2011,flooding,22,1.98,2.072
MISS,2012,development,2102,189.18,100.0
MISS,2013,development,1802,162.18,100.0
MISS,2014,development,1275,114.75,98.532
MISS,2014,unknown,19,1.71,1.468
MISS,2015,development,2914,262.26,91.52
MISS,2015,agriculture,162,14.58,5.088
MISS,2015,insect_disease_mort,48,4.32,1.508
MISS,2015,harvest,34,3.06,1.068
MISS,2015,unknown,26,2.34,0.817
MISS,2016,development,2207,198.63,96.586
MISS,2016,insect_disease_mort,64,5.76,2.801
MISS,2016,unknown,14,1.26,0.613
MISS,2017,development,5035,453.15,81.42
MISS,2017,agriculture,566,50.94,9.153
MISS,2017,unknown,247,22.23,3.994
MISS,2017,insect_disease_mort,216,19.44,3.493
MISS,2017,harvest,72,6.48,1.164
MISS,2017,flooding,48,4.32,0.776
MISS,2018,development,3342,300.78,92.808
MISS,2018,flooding,144,12.96,3.999
MISS,2018,unknown,92,8.28,2.555
MISS,2018,harvest,23,2.07,0.639
MISS,2019,development,3290,296.1,89.915
MISS,2019,agriculture,158,14.22,4.318
MISS,2019,harvest,88,7.92,2.405
MISS,2019,unknown,66,5.94,1.804
MISS,2019,flooding,57,5.13,1.558
SACN,1990,harvest,8649,778.41,82.371
SACN,1990,development,1851,166.59,17.629
SACN,1991,harvest,9635,867.15,85.546
SACN,1991,development,1451,130.59,12.883
SACN,1991,unknown,177,15.93,1.572
SACN,1992,harvest,10785,970.65,82.379
SACN,1992,development,2079,187.11,15.88
SACN,1992,unknown,171,15.39,1.306
SACN,1992,agriculture,40,3.6,0.306
SACN,1992,beaver,17,1.53,0.13
SACN,1993,harvest,9006,810.54,68.103
SACN,1993,development,4040,363.6,30.551
SACN,1993,unknown,104,9.36,0.786
SACN,1993,beaver,74,6.66,0.56
SACN,1994,harvest,20568,1851.12,74.028
SACN,1994,development,6768,609.12,24.359
SACN,1994,unknown,412,37.08,1.483
SACN,1994,beaver,20,1.8,0.072
SACN,1994,agriculture,16,1.44,0.058
SACN,1995,harvest,8862,797.58,78.224
SACN,1995,development,2388,214.92,21.079
SACN,1995,agriculture,79,7.11,0.697
SACN,1996,harvest,12195,1097.55,54.099
SACN,1996,development,9999,899.91,44.357
SACN,1996,beaver,178,16.02,0.79
SACN,1996,agriculture,100,9.0,0.444
SACN,1996,unknown,70,6.3,0.311
SACN,1997,harvest,32944,2964.96,64.792
SACN,1997,development,17141,1542.69,33.712
SACN,1997,agriculture,435,39.15,0.856
SACN,1997,beaver,305,27.45,0.6
SACN,1997,unknown,21,1.89,0.041
SACN,1998,development,11761,1058.49,66.14
SACN,1998,harvest,5941,534.69,33.41
SACN,1998,agriculture,61,5.49,0.343
SACN,1998,beaver,19,1.71,0.107
SACN,1999,harvest,12753,1147.77,67.252
SACN,1999,development,5798,521.82,30.575
SACN,1999,agriculture,308,27.72,1.624
SACN,1999,beaver,104,9.36,0.548
SACN,2000,harvest,8614,775.26,53.196
SACN,2000,development,7101,639.09,43.852
SACN,2000,beaver,270,24.3,1.667
SACN,2000,agriculture,184,16.56,1.136
SACN,2000,unknown,24,2.16,0.148
SACN,2001,harvest,24827,2234.43,65.422
SACN,2001,blowdown,7657,689.13,20.177
SACN,2001,development,5121,460.89,13.494
SACN,2001,beaver,271,24.39,0.714
SACN,2001,unknown,73,6.57,0.192
SACN,2002,harvest,9158,824.22,83.688
SACN,2002,development,1682,151.38,15.371
SACN,2002,unknown,54,4.86,0.493
SACN,2002,agriculture,27,2.43,0.247
SACN,2002,beaver,22,1.98,0.201
SACN,2003,harvest,12539,1128.51,68.843
SACN,2003,development,5328,479.52,29.252
SACN,2003,beaver,233,20.97,1.279
SACN,2003,unknown,104,9.36,0.571
SACN,2003,agriculture,10,0.9,0.055
SACN,2004,harvest,16816,1513.44,78.771
SACN,2004,development,4073,366.57,19.079
SACN,2004,agriculture,230,20.7,1.077
SACN,2004,beaver,217,19.53,1.016
SACN,2004,flooding,12,1.08,0.056
SACN,2005,harvest,10338,930.42,72.911
SACN,2005,development,3225,290.25,22.745
SACN,2005,agriculture,366,32.94,2.581
SACN,2005,beaver,204,18.36,1.439
SACN,2005,unknown,46,4.14,0.324
SACN,2006,harvest,16042,1443.78,75.057
SACN,2006,development,4694,422.46,21.962
SACN,2006,beaver,387,34.83,1.811
SACN,2006,unknown,130,11.7,0.608
SACN,2006,agriculture,111,9.99,0.519
SACN,2006,insect_disease_mort,9,0.81,0.042
SACN,2007,harvest,11070,996.3,86.202
SACN,2007,development,1504,135.36,11.712
SACN,2007,agriculture,216,19.44,1.682
SACN,2007,beaver,30,2.7,0.234
SACN,2007,unknown,22,1.98,0.171
SACN,2008,harvest,13051,1174.59,92.025
SACN,2008,development,937,84.33,6.607
SACN,2008,beaver,87,7.83,0.613
SACN,2008,insect_disease_mort,69,6.21,0.487
SACN,2008,agriculture,38,3.42,0.268
SACN,2009,harvest,12999,1169.91,90.832
SACN,2009,development,735,66.15,5.136
SACN,2009,agriculture,493,44.37,3.445
SACN,2009,beaver,84,7.56,0.587
SACN,2010,harvest,26509,2385.81,95.815
SACN,2010,development,495,44.55,1.789
SACN,2010,agriculture,375,33.75,1.355
SACN,2010,unknown,160,14.4,0.578
SACN,2010,beaver,119,10.71,0.43
SACN,2010,flooding,9,0.81,0.033
SACN,2011,harvest,30550,2749.5,94.767
SACN,2011,agriculture,1021,91.89,3.167
SACN,2011,development,531,47.79,1.647
SACN,2011,unknown,73,6.57,0.226
SACN,2011,beaver,40,3.6,0.124
SACN,2011,flooding,22,1.98,0.068
SACN,2012,harvest,16315,1468.35,82.158
SACN,2012,development,2616,235.44,13.174
SACN,2012,agriculture,604,54.36,3.042
SACN,2012,beaver,178,16.02,0.896
SACN,2012,unknown,132,11.88,0.665
SACN,2012,flooding,13,1.17,0.065
SACN,2013,harvest,11620,1045.8,87.665
SACN,2013,development,905,81.45,6.828
SACN,2013,agriculture,650,58.5,4.904
SACN,2013,beaver,71,6.39,0.536
SACN,2013,unknown,9,0.81,0.068
SACN,2014,harvest,10657,959.13,86.389
SACN,2014,development,1223,110.07,9.914
SACN,2014,beaver,203,18.27,1.646
SACN,2014,unknown,201,18.09,1.629
SACN,2014,agriculture,39,3.51,0.316
SACN,2014,insect_disease_mort,13,1.17,0.105
SACN,2015,harvest,11736,1056.24,91.111
SACN,2015,development,857,77.13,6.653
SACN,2015,unknown,100,9.0,0.776
SACN,2015,insect_disease_mort,79,7.11,0.613
SACN,2015,agriculture,61,5.49,0.474
SACN,2015,beaver,36,3.24,0.279
SACN,2015,flooding,12,1.08,0.093
SACN,2016,harvest,7718,694.62,77.041
SACN,2016,development,1771,159.39,17.678
SACN,2016,agriculture,198,17.82,1.976
SACN,2016,beaver,178,16.02,1.777
SACN,2016,flooding,95,8.55,0.948
SACN,2016,unknown,58,5.22,0.579
SACN,2017,harvest,8947,805.23,72.539
SACN,2017,development,2573,231.57,20.861
SACN,2017,unknown,374,33.66,3.032
SACN,2017,beaver,204,18.36,1.654
SACN,2017,agriculture,165,14.85,1.338
SACN,2017,flooding,45,4.05,0.365
SACN,2017,insect_disease_mort,26,2.34,0.211
SACN,2018,harvest,6485,583.65,82.727
SACN,2018,development,1140,102.6,14.543
SACN,2018,unknown,84,7.56,1.072
SACN,2018,agriculture,57,5.13,0.727
SACN,2018,beaver,51,4.59,0.651
SACN,2018,flooding,22,1.98,0.281
SACN,2019,harvest,9656,869.04,85.512
SACN,2019,development,1359,122.31,12.035
SACN,2019,agriculture,137,12.33,1.213
SACN,2019,unknown,70,6.3,0.62
SACN,2019,flooding,52,4.68,0.461
SACN,2019,beaver,18,1.62,0.159
SACN,2020,harvest,6598,593.82,71.061
SACN,2020,development,1353,121.77,14.572
SACN,2020,beaver,663,59.67,7.141
SACN,2020,unknown,531,47.79,5.719
SACN,2020,flooding,140,12.6,1.508
SLBE,1990,harvest,3254,292.86,67.806
SLBE,1990,development,1460,131.4,30.423
SLBE,1990,agriculture,85,7.65,1.771
SLBE,1991,harvest,3061,275.49,73.67
SLBE,1991,development,1025,92.25,24.669
SLBE,1991,agriculture,69,6.21,1.661
SLBE,1992,harvest,1818,163.62,46.819
SLBE,1992,development,1722,154.98,44.347
SLBE,1992,agriculture,343,30.87,8.833
SLBE,1993,development,1304,117.36,56.45
SLBE,1993,harvest,862,77.58,37.316
SLBE,1993,agriculture,144,12.96,6.234
SLBE,1994,harvest,2289,206.01,55.303
SLBE,1994,development,1840,165.6,44.455
SLBE,1994,agriculture,10,0.9,0.242
SLBE,1995,harvest,3817,343.53,59.446
SLBE,1995,development,2604,234.36,40.554
SLBE,1996,development,4343,390.87,71.856
SLBE,1996,harvest,1403,126.27,23.213
SLBE,1996,agriculture,298,26.82,4.931
SLBE,1997,development,3593,323.37,59.008
SLBE,1997,harvest,2468,222.12,40.532
SLBE,1997,agriculture,28,2.52,0.46
SLBE,1998,harvest,2998,269.82,55.05
SLBE,1998,development,2366,212.94,43.445
SLBE,1998,agriculture,82,7.38,1.506
SLBE,1999,development,1663,149.67,49.509
SLBE,1999,harvest,1504,135.36,44.775
SLBE,1999,agriculture,192,17.28,5.716
SLBE,2000,development,3000,270.0,61.92
SLBE,2000,harvest,1685,151.65,34.778
SLBE,2000,agriculture,131,11.79,2.704
SLBE,2000,flooding,29,2.61,0.599
SLBE,2001,development,2932,263.88,52.63
SLBE,2001,harvest,2587,232.83,46.437
SLBE,2001,agriculture,52,4.68,0.933
SLBE,2002,harvest,2612,235.08,56.869
SLBE,2002,development,1715,154.35,37.339
SLBE,2002,agriculture,266,23.94,5.791
SLBE,2003,development,2663,239.67,47.099
SLBE,2003,harvest,2461,221.49,43.527
SLBE,2003,agriculture,459,41.31,8.118
SLBE,2003,insect_disease_mort,59,5.31,1.044
SLBE,2003,flooding,12,1.08,0.212
SLBE,2004,development,2311,207.99,50.691
SLBE,2004,harvest,2141,192.69,46.962
SLBE,2004,agriculture,107,9.63,2.347
SLBE,2005,harvest,3484,313.56,53.37
SLBE,2005,development,2937,264.33,44.991
SLBE,2005,agriculture,107,9.63,1.639
SLBE,2006,harvest,5750,517.5,58.157
SLBE,2006,development,3530,317.7,35.703
SLBE,2006,agriculture,487,43.83,4.926
SLBE,2006,insect_disease_mort,96,8.64,0.971
SLBE,2006,unknown,15,1.35,0.152
SLBE,2006,blowdown,9,0.81,0.091
SLBE,2007,harvest,3340,300.6,60.169
SLBE,2007,development,1501,135.09,27.04
SLBE,2007,agriculture,585,52.65,10.539
SLBE,2007,unknown,125,11.25,2.252
SLBE,2008,harvest,2840,255.6,68.187
SLBE,2008,development,811,72.99,19.472
SLBE,2008,agriculture,514,46.26,12.341
SLBE,2009,harvest,6680,601.2,79.119
SLBE,2009,agriculture,1119,100.71,13.254
SLBE,2009,development,644,57.96,7.628
SLBE,2010,harvest,3917,352.53,80.464
SLBE,2010,agriculture,642,57.78,13.188
SLBE,2010,development,282,25.38,5.793
SLBE,2010,unknown,14,1.26,0.288
SLBE,2010,insect_disease_mort,13,1.17,0.267
SLBE,2011,harvest,2422,217.98,58.432
SLBE,2011,agriculture,1361,122.49,32.835
SLBE,2011,development,303,27.27,7.31
SLBE,2011,unknown,59,5.31,1.423
SLBE,2012,harvest,5992,539.28,69.853
SLBE,2012,agriculture,1550,139.5,18.069
SLBE,2012,development,872,78.48,10.166
SLBE,2012,insect_disease_mort,144,12.96,1.679
SLBE,2012,unknown,20,1.8,0.233
SLBE,2013,harvest,2394,215.46,79.245
SLBE,2013,agriculture,365,32.85,12.082
SLBE,2013,development,262,23.58,8.673
SLBE,2014,harvest,8392,755.28,78.232
SLBE,2014,development,938,84.42,8.744
SLBE,2014,agriculture,917,82.53,8.549
SLBE,2014,insect_disease_mort,480,43.2,4.475
SLBE,2015,harvest,6363,572.67,71.254
SLBE,2015,agriculture,1133,101.97,12.688
SLBE,2015,development,931,83.79,10.426
SLBE,2015,insect_disease_mort,286,25.74,3.203
SLBE,2015,blowdown,185,16.65,2.072
SLBE,2015,unknown,32,2.88,0.358
SLBE,2016,blowdown,5359,482.31,46.551
SLBE,2016,harvest,4317,388.53,37.5
SLBE,2016,development,997,89.73,8.661
SLBE,2016,agriculture,592,53.28,5.142
SLBE,2016,insect_disease_mort,213,19.17,1.85
SLBE,2016,unknown,34,3.06,0.295
SLBE,2017,harvest,5539,498.51,84.013
SLBE,2017,development,476,42.84,7.22
SLBE,2017,unknown,359,32.31,5.445
SLBE,2017,agriculture,197,17.73,2.988
SLBE,2017,insect_disease_mort,22,1.98,0.334
SLBE,2018,harvest,4494,404.46,55.155
SLBE,2018,agriculture,2000,180.0,24.546
SLBE,2018,development,1606,144.54,19.71
SLBE,2018,insect_disease_mort,48,4.32,0.589
SLBE,2019,harvest,5480,493.2,75.461
SLBE,2019,development,946,85.14,13.027
SLBE,2019,agriculture,509,45.81,7.009
SLBE,2019,insect_disease_mort,165,14.85,2.272
SLBE,2019,unknown,162,14.58,2.231
SLBE,2020,harvest,7036,633.24,76.131
SLBE,2020,development,1496,134.64,16.187
SLBE,2020,agriculture,459,41.31,4.966
SLBE,2020,insect_disease_mort,242,21.78,2.618
SLBE,2020,unknown,9,0.81,0.097
SLBE,2021,harvest,4349,391.41,66.928
SLBE,2021,development,1641,147.69,25.254
SLBE,2021,insect_disease_mort,340,30.6,5.232
SLBE,2021,agriculture,154,13.86,2.37
SLBE,2021,unknown,14,1.26,0.215
VOYA,1995,harvest,30384,2734.56,95.752
VOYA,1995,beaver,784,70.56,2.471
VOYA,1995,development,399,35.91,1.257
VOYA,1995,unknown,128,11.52,0.403
VOYA,1995,agriculture,37,3.33,0.117
VOYA,1996,harvest,29825,2684.25,97.678
VOYA,1996,beaver,608,54.72,1.991
VOYA,1996,development,77,6.93,0.252
VOYA,1996,agriculture,24,2.16,0.079
VOYA,1997,harvest,45933,4133.97,93.971
VOYA,1997,beaver,1785,160.65,3.652
VOYA,1997,blowdown,465,41.85,0.951
VOYA,1997,development,387,34.83,0.792
VOYA,1997,agriculture,197,17.73,0.403
VOYA,1997,fire,113,10.17,0.231
VOYA,1998,harvest,33399,3005.91,97.655
VOYA,1998,beaver,518,46.62,1.515
VOYA,1998,development,134,12.06,0.392
VOYA,1998,agriculture,116,10.44,0.339
VOYA,1998,unknown,34,3.06,0.099
VOYA,1999,harvest,25235,2271.15,55.521
VOYA,1999,blowdown,19383,1744.47,42.646
VOYA,1999,insect_disease_defo,418,37.62,0.92
VOYA,1999,beaver,358,32.22,0.788
VOYA,1999,development,57,5.13,0.125
VOYA,2000,harvest,52793,4751.37,67.622
VOYA,2000,insect_disease_defo,23975,2157.75,30.709
VOYA,2000,beaver,809,72.81,1.036
VOYA,2000,development,217,19.53,0.278
VOYA,2000,agriculture,143,12.87,0.183
VOYA,2000,blowdown,86,7.74,0.11
VOYA,2000,unknown,48,4.32,0.061
VOYA,2001,harvest,32865,2957.85,79.096
VOYA,2001,beaver,4357,392.13,10.486
VOYA,2001,insect_disease_defo,3335,300.15,8.026
VOYA,2001,agriculture,405,36.45,0.975
VOYA,2001,development,358,32.22,0.862
VOYA,2001,insect_disease_mort,190,17.1,0.457
VOYA,2001,unknown,41,3.69,0.099
VOYA,2002,harvest,29620,2665.8,87.406
VOYA,2002,beaver,2440,219.6,7.2
VOYA,2002,blowdown,1275,114.75,3.762
VOYA,2002,insect_disease_mort,362,32.58,1.068
VOYA,2002,development,163,14.67,0.481
VOYA,2002,agriculture,14,1.26,0.041
VOYA,2002,flooding,14,1.26,0.041
VOYA,2003,harvest,46029,4142.61,97.465
VOYA,2003,beaver,708,63.72,1.499
VOYA,2003,development,372,33.48,0.788
VOYA,2003,agriculture,117,10.53,0.248
VOYA,2004,harvest,39945,3595.05,93.286
VOYA,2004,fire,1709,153.81,3.991
VOYA,2004,beaver,584,52.56,1.364
VOYA,2004,development,582,52.38,1.359
VOYA,2005,harvest,35058,3155.22,94.384
VOYA,2005,beaver,903,81.27,2.431
VOYA,2005,fire,753,67.77,2.027
VOYA,2005,development,165,14.85,0.444
VOYA,2005,blowdown,156,14.04,0.42
VOYA,2005,flooding,95,8.55,0.256
VOYA,2005,unknown,14,1.26,0.038
VOYA,2006,harvest,16988,1528.92,76.89
VOYA,2006,fire,3124,281.16,14.14
VOYA,2006,blowdown,711,63.99,3.218
VOYA,2006,insect_disease_defo,539,48.51,2.44
VOYA,2006,development,301,27.09,1.362
VOYA,2006,beaver,239,21.51,1.082
VOYA,2006,agriculture,192,17.28,0.869
VOYA,2007,harvest,22669,2040.21,96.579
VOYA,2007,development,294,26.46,1.253
VOYA,2007,beaver,282,25.38,1.201
VOYA,2007,insect_disease_defo,97,8.73,0.413
VOYA,2007,insect_disease_mort,63,5.67,0.268
VOYA,2007,flooding,39,3.51,0.166
VOYA,2007,unknown,18,1.62,0.077
VOYA,2007,fire,10,0.9,0.043
VOYA,2008,harvest,18744,1686.96,97.26
VOYA,2008,beaver,319,28.71,1.655
VOYA,2008,development,209,18.81,1.084
VOYA,2009,harvest,24035,2163.15,94.199
VOYA,2009,development,731,65.79,2.865
VOYA,2009,beaver,714,64.26,2.798
VOYA,2009,unknown,24,2.16,0.094
VOYA,2009,flooding,11,0.99,0.043
VOYA,2010,harvest,20661,1859.49,94.723
VOYA,2010,beaver,799,71.91,3.663
VOYA,2010,development,306,27.54,1.403
VOYA,2010,flooding,46,4.14,0.211
VOYA,2011,harvest,25949,2335.41,96.72
VOYA,2011,beaver,485,43.65,1.808
VOYA,2011,development,240,21.6,0.895
VOYA,2011,flooding,113,10.17,0.421
VOYA,2011,fire,42,3.78,0.157
VOYA,2012,harvest,28924,2603.16,94.786
VOYA,2012,insect_disease_mort,865,77.85,2.835
VOYA,2012,beaver,518,46.62,1.698
VOYA,2012,development,185,16.65,0.606
VOYA,2012,fire,23,2.07,0.075
VOYA,2013,harvest,11074,996.66,92.337
VOYA,2013,fire,755,67.95,6.295
VOYA,2013,beaver,164,14.76,1.367
