subregion,year,native_class,pixel_count,area_ha
APIS,1990,agriculture,184,16.56
APIS,1990,beaver,408,36.72
APIS,1990,development,617,55.53
APIS,1990,harvest,32683,2941.47
APIS,1990,unknown,13,1.17
APIS,1991,beaver,135,12.15
APIS,1991,development,975,87.75
APIS,1991,fire,35,3.15
APIS,1991,harvest,29820,2683.8
APIS,1991,insect_disease_defo,1585,142.65
APIS,1991,insect_disease_mort,26,2.34
APIS,1991,unknown,15,1.35
APIS,1992,agriculture,66,5.94
APIS,1992,beaver,90,8.1
APIS,1992,development,1590,143.1
APIS,1992,fire,1045,94.05
APIS,1992,harvest,24983,2248.47
APIS,1993,agriculture,332,29.88
APIS,1993,beaver,269,24.21
APIS,1993,development,2993,269.37
APIS,1993,harvest,26710,2403.9
APIS,1994,agriculture,342,30.78
APIS,1994,beaver,918,82.62
APIS,1994,development,1766,158.94
APIS,1994,fire,4300,387.0
APIS,1994,harvest,35285,3175.65
APIS,1995,agriculture,67,6.03
APIS,1995,beaver,63,5.67
APIS,1995,development,2361,212.49
APIS,1995,harvest,20078,1807.02
APIS,1995,unknown,22,1.98
APIS,1996,agriculture,236,21.24
APIS,1996,beaver,12,1.08
APIS,1996,development,1042,93.78
APIS,1996,harvest,17488,1573.92
APIS,1997,agriculture,58,5.22
APIS,1997,beaver,158,14.22
APIS,1997,development,1647,148.23
APIS,1997,harvest,15817,1423.53
APIS,1998,agriculture,378,34.02
APIS,1998,beaver,250,22.5
APIS,1998,development,2637,237.33
APIS,1998,harvest,21836,1965.24
APIS,1998,unknown,10,0.9
APIS,1999,beaver,83,7.47
APIS,1999,development,2080,187.2
APIS,1999,harvest,21721,1954.89
APIS,1999,insect_disease_defo,4655,418.95
APIS,2000,agriculture,91,8.19
APIS,2000,beaver,132,11.88
APIS,2000,development,2027,182.43
APIS,2000,harvest,13305,1197.45
APIS,2001,agriculture,143,12.87
APIS,2001,beaver,411,36.99
APIS,2001,development,1262,113.58
APIS,2001,harvest,14913,1342.17
APIS,2001,insect_disease_defo,521139,46902.51
APIS,2002,agriculture,12,1.08
APIS,2002,beaver,34,3.06
APIS,2002,development,314,28.26
APIS,2002,harvest,4146,373.14
APIS,2002,insect_disease_defo,1162,104.58
APIS,2003,agriculture,145,13.05
APIS,2003,beaver,88,7.92
APIS,2003,development,2351,211.59
APIS,2003,harvest,14906,1341.54
APIS,2004,agriculture,297,26.73
APIS,2004,beaver,172,15.48
APIS,2004,development,3242,291.78
APIS,2004,harvest,23564,2120.76
APIS,2005,agriculture,838,75.42
APIS,2005,beaver,161,14.49
APIS,2005,development,1864,167.76
APIS,2005,harvest,13939,1254.51
APIS,2006,agriculture,12,1.08
APIS,2006,beaver,256,23.04
APIS,2006,development,3695,332.55
APIS,2006,flooding,9,0.81
APIS,2006,harvest,31045,2794.05
APIS,2006,unknown,217,19.53
APIS,2007,agriculture,114,10.26
APIS,2007,beaver,140,12.6
APIS,2007,development,3991,359.19
APIS,2007,harvest,23132,2081.88
APIS,2008,agriculture,23,2.07
APIS,2008,beaver,59,5.31
APIS,2008,development,1131,101.79
APIS,2008,harvest,18862,1697.58
APIS,2008,unknown,9,0.81
APIS,2009,agriculture,11,0.99
APIS,2009,beaver,31,2.79
APIS,2009,development,1657,149.13
APIS,2009,harvest,16624,1496.16
APIS,2010,agriculture,158,14.22
APIS,2010,beaver,67,6.03
APIS,2010,development,569,51.21
APIS,2010,harvest,15967,1437.03
APIS,2010,insect_disease_defo,1590,143.1
APIS,2011,agriculture,28,2.52
APIS,2011,beaver,15,1.35
APIS,2011,blowdown,692,62.28
APIS,2011,development,523,47.07
APIS,2011,harvest,12874,1158.66
APIS,2011,unknown,9,0.81
APIS,2012,agriculture,21,1.89
APIS,2012,beaver,294,26.46
APIS,2012,development,997,89.73
APIS,2012,harvest,16444,1479.96
APIS,2012,insect_disease_defo,2726,245.34
APIS,2013,agriculture,330,29.7
APIS,2013,beaver,313,28.17
APIS,2013,development,701,63.09
APIS,2013,harvest,13219,1189.71
APIS,2013,unknown,15,1.35
APIS,2014,agriculture,354,31.86
APIS,2014,beaver,177,15.93
APIS,2014,blowdown,70,6.3
APIS,2014,development,614,55.26
APIS,2014,harvest,15233,1370.97
APIS,2015,agriculture,107,9.63
APIS,2015,beaver,110,9.9
APIS,2015,development,565,50.85
APIS,2015,harvest,22110,1989.9
APIS,2015,unknown,20,1.8
APIS,2016,agriculture,242,21.78
APIS,2016,beaver,245,22.05
APIS,2016,blowdown,1636,147.24
APIS,2016,development,569,51.21
APIS,2016,harvest,21133,1901.97
APIS,2016,insect_disease_mort,94,8.46
APIS,2016,unknown,956,86.04
APIS,2017,agriculture,352,31.68
APIS,2017,beaver,94,8.46
APIS,2017,blowdown,474,42.66
APIS,2017,development,301,27.09
APIS,2017,harvest,18355,1651.95
APIS,2017,unknown,38,3.42
APIS,2018,agriculture,111,9.99
APIS,2018,beaver,538,48.42
APIS,2018,development,79,7.11
APIS,2018,fire,41,3.69
APIS,2018,flooding,45,4.05
APIS,2018,harvest,19399,1745.91
APIS,2018,unknown,534,48.06
INDU,2007,agriculture,34,3.06
INDU,2007,development,3428,308.52
INDU,2007,flooding,289,26.01
INDU,2007,harvest,479,43.11
INDU,2007,unknown,178,16.02
INDU,2008,agriculture,82,7.38
INDU,2008,development,2586,232.74
INDU,2008,flooding,188,16.92
INDU,2008,harvest,176,15.84
INDU,2008,unknown,112,10.08
INDU,2009,agriculture,31,2.79
INDU,2009,development,1562,140.58
INDU,2009,flooding,39,3.51
INDU,2009,harvest,91,8.19
INDU,2009,unknown,14,1.26
INDU,2010,agriculture,20,1.8
INDU,2010,development,1146,103.14
INDU,2010,flooding,27,2.43
INDU,2010,harvest,283,25.47
INDU,2010,unknown,342,30.78
INDU,2011,development,1522,136.98
INDU,2011,harvest,322,28.98
INDU,2011,unknown,484,43.56
INDU,2012,agriculture,135,12.15
INDU,2012,development,1402,126.18
INDU,2012,harvest,139,12.51
ISRO,1995,agriculture,234,21.06
ISRO,1995,beaver,297,26.73
ISRO,1995,development,1154,103.86
ISRO,1995,harvest,14781,1330.29
ISRO,1995,unknown,24,2.16
ISRO,1996,agriculture,41,3.69
ISRO,1996,beaver,748,67.32
ISRO,1996,development,1289,116.01
ISRO,1996,harvest,27752,2497.68
ISRO,1997,agriculture,106,9.54
ISRO,1997,beaver,535,48.15
ISRO,1997,development,2203,198.27
ISRO,1997,harvest,30955,2785.95
ISRO,1997,insect_disease_defo,4683,421.47
ISRO,1997,unknown,48,4.32
ISRO,1998,beaver,294,26.46
ISRO,1998,blowdown,10,0.9
ISRO,1998,development,1529,137.61
ISRO,1998,harvest,41551,3739.59
ISRO,1998,insect_disease_defo,111292,10016.28
ISRO,1998,insect_disease_mort,1343,120.87
ISRO,1998,unknown,46,4.14
ISRO,1999,agriculture,21,1.89
ISRO,1999,beaver,137,12.33
ISRO,1999,development,717,64.53
ISRO,1999,harvest,32314,2908.26
ISRO,1999,insect_disease_defo,14778,1330.02
ISRO,2000,agriculture,21,1.89
ISRO,2000,beaver,412,37.08
ISRO,2000,blowdown,24,2.16
ISRO,2000,development,942,84.78
ISRO,2000,harvest,28067,2526.03
ISRO,2000,insect_disease_defo,29427,2648.43
ISRO,2000,unknown,27,2.43
ISRO,2001,beaver,2942,264.78
ISRO,2001,development,1220,109.8
ISRO,2001,harvest,36793,3311.37
ISRO,2001,insect_disease_defo,417919,37612.71
ISRO,2001,insect_disease_mort,65,5.85
ISRO,2001,unknown,88,7.92
ISRO,2002,agriculture,301,27.09
ISRO,2002,beaver,281,25.29
ISRO,2002,blowdown,16,1.44
ISRO,2002,development,1041,93.69
ISRO,2002,harvest,34929,3143.61
ISRO,2002,insect_disease_defo,10753,967.77
ISRO,2002,unknown,9,0.81
ISRO,2003,beaver,576,51.84
ISRO,2003,development,2201,198.09
ISRO,2003,harvest,36593,3293.37
ISRO,2003,unknown,44,3.96
ISRO,2004,agriculture,18,1.62
ISRO,2004,beaver,688,61.92
ISRO,2004,development,997,89.73
ISRO,2004,harvest,41313,3718.17
ISRO,2004,unknown,14,1.26
ISRO,2005,agriculture,164,14.76
ISRO,2005,beaver,951,85.59
ISRO,2005,development,2390,215.1
ISRO,2005,harvest,49362,4442.58
ISRO,2005,unknown,24,2.16
ISRO,2006,agriculture,119,10.71
ISRO,2006,beaver,1092,98.28
ISRO,2006,development,1412,127.08
ISRO,2006,harvest,42534,3828.06
ISRO,2006,unknown,9,0.81
ISRO,2007,beaver,537,48.33
ISRO,2007,development,919,82.71
ISRO,2007,harvest,23114,2080.26
ISRO,2008,beaver,1182,106.38
ISRO,2008,blowdown,13,1.17
ISRO,2008,development,579,52.11
ISRO,2008,harvest,22159,1994.31
ISRO,2008,unknown,29,2.61
ISRO,2009,agriculture,527,47.43
ISRO,2009,beaver,977,87.93
ISRO,2009,development,2340,210.6
ISRO,2009,harvest,17885,1609.65
ISRO,2010,agriculture,213,19.17
ISRO,2010,beaver,311,27.99
ISRO,2010,blowdown,11,0.99
ISRO,2010,development,1614,145.26
ISRO,2010,harvest,19616,1765.44
ISRO,2011,beaver,553,49.77
ISRO,2011,blowdown,281,25.29
ISRO,2011,development,4343,390.87
ISRO,2011,harvest,28375,2553.75
ISRO,2012,agriculture,44,3.96
ISRO,2012,beaver,1796,161.64
ISRO,2012,blowdown,152,13.68
ISRO,2012,development,2753,247.77
ISRO,2012,harvest,24319,2188.71
ISRO,2013,agriculture,9,0.81
ISRO,2013,beaver,1765,158.85
ISRO,2013,development,3353,301.77
ISRO,2013,fire,217,19.53
ISRO,2013,harvest,13998,1259.82
ISRO,2014,agriculture,702,63.18
ISRO,2014,beaver,974,87.66
ISRO,2014,development,1428,128.52
ISRO,2014,harvest,18295,1646.55
ISRO,2014,unknown,24,2.16
ISRO,2015,agriculture,343,30.87
ISRO,2015,beaver,1124,101.16
ISRO,2015,development,2119,190.71
ISRO,2015,harvest,17202,1548.18
ISRO,2015,insect_disease_mort,29,2.61
ISRO,2015,unknown,55,4.95
ISRO,2016,agriculture,17,1.53
ISRO,2016,beaver,640,57.6
ISRO,2016,blowdown,94,8.46
ISRO,2016,development,1889,170.01
ISRO,2016,harvest,17626,1586.34
ISRO,2016,unknown,31,2.79
ISRO,2017,agriculture,520,46.8
ISRO,2017,beaver,1454,130.86
ISRO,2017,development,1868,168.12
ISRO,2017,harvest,15091,1358.19
MISS,1990,development,5766,518.94
MISS,1991,development,8779,790.11
MISS,1992,development,6887,619.83
MISS,1993,development,10226,920.34
MISS,1994,development,9546,859.14
MISS,1995,development,10752,967.68
MISS,1996,development,16590,1493.1
MISS,1996,fire,10,0.9
MISS,1997,development,8598,773.82
MISS,1998,development,13128,1181.52
MISS,1999,development,13050,1174.5
MISS,2000,development,19306,1737.54
MISS,2000,fire,18,1.62
MISS,2001,development,9240,831.6
MISS,2002,blowdown,31,2.79
MISS,2002,development,5293,476.37
MISS,2003,development,9937,894.33
MISS,2003,unknown,194,17.46
MISS,2004,agriculture,20,1.8
MISS,2004,development,5111,459.99
MISS,2005,development,6642,597.78
MISS,2005,flooding,20,1.8
MISS,2005,unknown,28,2.52
MISS,2006,development,10778,970.02
MISS,2007,development,3883,349.47
MISS,2007,unknown,15,1.35
MISS,2008,development,1192,107.28
MISS,2008,flooding,44,3.96
MISS,2009,development,689,62.01
MISS,2010,development,993,89.37
MISS,2011,development,1040,93.6
MISS,2011,flooding,22,1.98
MISS,2012,development,2102,189.18
MISS,2013,development,1802,162.18
MISS,2014,development,1275,114.75
MISS,2014,unknown,19,1.71
MISS,2015,agriculture,162,14.58
MISS,2015,development,2914,262.26
MISS,2015,harvest,34,3.06
MISS,2015,insect_disease_mort,48,4.32
MISS,2015,unknown,26,2.34
MISS,2016,development,2207,198.63
MISS,2016,insect_disease_mort,64,5.76
MISS,2016,unknown,14,1.26
MISS,2017,agriculture,566,50.94
MISS,2017,development,5035,453.15
MISS,2017,flooding,48,4.32
MISS,2017,harvest,72,6.48
MISS,2017,insect_disease_mort,216,19.44
MISS,2017,unknown,247,22.23
MISS,2018,development,3342,300.78
MISS,2018,flooding,144,12.96
MISS,2018,harvest,23,2.07
MISS,2018,unknown,92,8.28
MISS,2019,agriculture,158,14.22
MISS,2019,development,3290,296.1
MISS,2019,flooding,57,5.13
MISS,2019,harvest,88,7.92
MISS,2019,unknown,66,5.94
SACN,1990,development,1851,166.59
SACN,1990,harvest,8649,778.41
SACN,1991,development,1451,130.59
SACN,1991,harvest,9635,867.15
SACN,1991,unknown,177,15.93
SACN,1992,agriculture,40,3.6
SACN,1992,beaver,17,1.53
SACN,1992,development,2079,187.11
SACN,1992,harvest,10785,970.65
SACN,1992,unknown,171,15.39
SACN,1993,beaver,74,6.66
SACN,1993,development,4040,363.6
SACN,1993,harvest,9006,810.54
SACN,1993,unknown,104,9.36
SACN,1994,agriculture,16,1.44
SACN,1994,beaver,20,1.8
SACN,1994,development,6768,609.12
SACN,1994,harvest,20568,1851.12
SACN,1994,unknown,412,37.08
SACN,1995,agriculture,79,7.11
SACN,1995,development,2388,214.92
SACN,1995,harvest,8862,797.58
SACN,1996,agriculture,100,9.0
SACN,1996,beaver,178,16.02
SACN,1996,development,9999,899.91
SACN,1996,harvest,12195,1097.55
SACN,1996,unknown,70,6.3
SACN,1997,agriculture,435,39.15
SACN,1997,beaver,305,27.45
SACN,1997,development,17141,1542.69
SACN,1997,harvest,32944,2964.96
SACN,1997,unknown,21,1.89
SACN,1998,agriculture,61,5.49
SACN,1998,beaver,19,1.71
SACN,1998,development,11761,1058.49
SACN,1998,harvest,5941,534.69
SACN,1999,agriculture,308,27.72
SACN,1999,beaver,104,9.36
SACN,1999,development,5798,521.82
SACN,1999,harvest,12753,1147.77
SACN,2000,agriculture,184,16.56
SACN,2000,beaver,270,24.3
SACN,2000,development,7101,639.09
SACN,2000,harvest,8614,775.26
SACN,2000,unknown,24,2.16
SACN,2001,beaver,271,24.39
SACN,2001,blowdown,7657,689.13
SACN,2001,development,5121,460.89
SACN,2001,harvest,24827,2234.43
SACN,2001,unknown,73,6.57
SACN,2002,agriculture,27,2.43
SACN,2002,beaver,22,1.98
SACN,2002,development,1682,151.38
SACN,2002,harvest,9158,824.22
SACN,2002,unknown,54,4.86
SACN,2003,agriculture,10,0.9
SACN,2003,beaver,233,20.97
SACN,2003,development,5328,479.52
SACN,2003,harvest,12539,1128.51
SACN,2003,unknown,104,9.36
SACN,2004,agriculture,230,20.7
SACN,2004,beaver,217,19.53
SACN,2004,development,4073,366.57
SACN,2004,flooding,12,1.08
SACN,2004,harvest,16816,1513.44
SACN,2005,agriculture,366,32.94
SACN,2005,beaver,204,18.36
SACN,2005,development,3225,290.25
SACN,2005,harvest,10338,930.42
SACN,2005,unknown,46,4.14
SACN,2006,agriculture,111,9.99
SACN,2006,beaver,387,34.83
SACN,2006,development,4694,422.46
SACN,2006,harvest,16042,1443.78
SACN,2006,insect_disease_mort,9,0.81
SACN,2006,unknown,130,11.7
SACN,2007,agriculture,216,19.44
SACN,2007,beaver,30,2.7
SACN,2007,development,1504,135.36
SACN,2007,harvest,11070,996.3
SACN,2007,unknown,22,1.98
SACN,2008,agriculture,38,3.42
SACN,2008,beaver,87,7.83
SACN,2008,development,937,84.33
SACN,2008,harvest,13051,1174.59
SACN,2008,insect_disease_mort,69,6.21
SACN,2009,agriculture,493,44.37
SACN,2009,beaver,84,7.56
SACN,2009,development,735,66.15
SACN,2009,harvest,12999,1169.91
SACN,2010,agriculture,375,33.75
SACN,2010,beaver,119,10.71
SACN,2010,development,495,44.55
SACN,2010,flooding,9,0.81
SACN,2010,harvest,26509,2385.81
SACN,2010,unknown,160,14.4
SACN,2011,agriculture,1021,91.89
SACN,2011,beaver,40,3.6
SACN,2011,development,531,47.79
SACN,2011,flooding,22,1.98
SACN,2011,harvest,30550,2749.5
SACN,2011,unknown,73,6.57
SACN,2012,agriculture,604,54.36
SACN,2012,beaver,178,16.02
SACN,2012,development,2616,235.44
SACN,2012,flooding,13,1.17
SACN,2012,harvest,16315,1468.35
SACN,2012,unknown,132,11.88
SACN,2013,agriculture,650,58.5
SACN,2013,beaver,71,6.39
SACN,2013,development,905,81.45
SACN,2013,harvest,11620,1045.8
SACN,2013,unknown,9,0.81
SACN,2014,agriculture,39,3.51
SACN,2014,beaver,203,18.27
SACN,2014,development,1223,110.07
SACN,2014,harvest,10657,959.13
SACN,2014,insect_disease_mort,13,1.17
SACN,2014,unknown,201,18.09
SACN,2015,agriculture,61,5.49
SACN,2015,beaver,36,3.24
SACN,2015,development,857,77.13
SACN,2015,flooding,12,1.08
SACN,2015,harvest,11736,1056.24
SACN,2015,insect_disease_mort,79,7.11
SACN,2015,unknown,100,9.0
SACN,2016,agriculture,198,17.82
SACN,2016,beaver,178,16.02
SACN,2016,development,1771,159.39
SACN,2016,flooding,95,8.55
SACN,2016,harvest,7718,694.62
SACN,2016,unknown,58,5.22
SACN,2017,agriculture,165,14.85
SACN,2017,beaver,204,18.36
SACN,2017,development,2573,231.57
SACN,2017,flooding,45,4.05
SACN,2017,harvest,8947,805.23
SACN,2017,insect_disease_mort,26,2.34
SACN,2017,unknown,374,33.66
SACN,2018,agriculture,57,5.13
SACN,2018,beaver,51,4.59
SACN,2018,development,1140,102.6
SACN,2018,flooding,22,1.98
SACN,2018,harvest,6485,583.65
SACN,2018,unknown,84,7.56
SACN,2019,agriculture,137,12.33
SACN,2019,beaver,18,1.62
SACN,2019,development,1359,122.31
SACN,2019,flooding,52,4.68
SACN,2019,harvest,9656,869.04
SACN,2019,unknown,70,6.3
SACN,2020,beaver,663,59.67
SACN,2020,development,1353,121.77
SACN,2020,flooding,140,12.6
SACN,2020,harvest,6598,593.82
SACN,2020,unknown,531,47.79
SLBE,1990,agriculture,85,7.65
SLBE,1990,development,1460,131.4
SLBE,1990,harvest,3254,292.86
SLBE,1991,agriculture,69,6.21
SLBE,1991,development,1025,92.25
SLBE,1991,harvest,3061,275.49
SLBE,1992,agriculture,343,30.87
SLBE,1992,development,1722,154.98
SLBE,1992,harvest,1818,163.62
SLBE,1993,agriculture,144,12.96
SLBE,1993,development,1304,117.36
SLBE,1993,harvest,862,77.58
SLBE,1994,agriculture,10,0.9
SLBE,1994,development,1840,165.6
SLBE,1994,harvest,2289,206.01
SLBE,1995,development,2604,234.36
SLBE,1995,harvest,3817,343.53
SLBE,1996,agriculture,298,26.82
SLBE,1996,development,4343,390.87
SLBE,1996,harvest,1403,126.27
SLBE,1997,agriculture,28,2.52
SLBE,1997,development,3593,323.37
SLBE,1997,harvest,2468,222.12
SLBE,1998,agriculture,82,7.38
SLBE,1998,development,2366,212.94
SLBE,1998,harvest,2998,269.82
SLBE,1999,agriculture,192,17.28
SLBE,1999,development,1663,149.67
SLBE,1999,harvest,1504,135.36
SLBE,2000,agriculture,131,11.79
SLBE,2000,development,3000,270.0
SLBE,2000,flooding,29,2.61
SLBE,2000,harvest,1685,151.65
SLBE,2001,agriculture,52,4.68
SLBE,2001,development,2932,263.88
SLBE,2001,harvest,2587,232.83
SLBE,2002,agriculture,266,23.94
SLBE,2002,development,1715,154.35
SLBE,2002,harvest,2612,235.08
SLBE,2003,agriculture,459,41.31
SLBE,2003,development,2663,239.67
SLBE,2003,flooding,12,1.08
SLBE,2003,harvest,2461,221.49
SLBE,2003,insect_disease_mort,59,5.31
SLBE,2004,agriculture,107,9.63
SLBE,2004,development,2311,207.99
SLBE,2004,harvest,2141,192.69
SLBE,2005,agriculture,107,9.63
SLBE,2005,development,2937,264.33
SLBE,2005,harvest,3484,313.56
SLBE,2006,agriculture,487,43.83
SLBE,2006,blowdown,9,0.81
SLBE,2006,development,3530,317.7
SLBE,2006,harvest,5750,517.5
SLBE,2006,insect_disease_mort,96,8.64
SLBE,2006,unknown,15,1.35
SLBE,2007,agriculture,585,52.65
SLBE,2007,development,1501,135.09
SLBE,2007,harvest,3340,300.6
SLBE,2007,unknown,125,11.25
SLBE,2008,agriculture,514,46.26
SLBE,2008,development,811,72.99
SLBE,2008,harvest,2840,255.6
SLBE,2009,agriculture,1119,100.71
SLBE,2009,development,644,57.96
SLBE,2009,harvest,6680,601.2
SLBE,2010,agriculture,642,57.78
SLBE,2010,development,282,25.38
SLBE,2010,harvest,3917,352.53
SLBE,2010,insect_disease_mort,13,1.17
SLBE,2010,unknown,14,1.26
SLBE,2011,agriculture,1361,122.49
SLBE,2011,development,303,27.27
SLBE,2011,harvest,2422,217.98
SLBE,2011,unknown,59,5.31
SLBE,2012,agriculture,1550,139.5
SLBE,2012,development,872,78.48
SLBE,2012,harvest,5992,539.28
SLBE,2012,insect_disease_mort,144,12.96
SLBE,2012,unknown,20,1.8
SLBE,2013,agriculture,365,32.85
SLBE,2013,development,262,23.58
SLBE,2013,harvest,2394,215.46
SLBE,2014,agriculture,917,82.53
SLBE,2014,development,938,84.42
SLBE,2014,harvest,8392,755.28
SLBE,2014,insect_disease_mort,480,43.2
SLBE,2015,agriculture,1133,101.97
SLBE,2015,blowdown,185,16.65
SLBE,2015,development,931,83.79
SLBE,2015,harvest,6363,572.67
SLBE,2015,insect_disease_mort,286,25.74
SLBE,2015,unknown,32,2.88
SLBE,2016,agriculture,592,53.28
SLBE,2016,blowdown,5359,482.31
SLBE,2016,development,997,89.73
SLBE,2016,harvest,4317,388.53
SLBE,2016,insect_disease_mort,213,19.17
SLBE,2016,unknown,34,3.06
SLBE,2017,agriculture,197,17.73
SLBE,2017,development,476,42.84
SLBE,2017,harvest,5539,498.51
SLBE,2017,insect_disease_mort,22,1.98
SLBE,2017,unknown,359,32.31
SLBE,2018,agriculture,2000,180.0
SLBE,2018,development,1606,144.54
SLBE,2018,harvest,4494,404.46
SLBE,2018,insect_disease_mort,48,4.32
SLBE,2019,agriculture,509,45.81
SLBE,2019,development,946,85.14
SLBE,2019,harvest,5480,493.2
SLBE,2019,insect_disease_mort,165,14.85
SLBE,2019,unknown,162,14.58
SLBE,2020,agriculture,459,41.31
SLBE,2020,development,1496,134.64
SLBE,2020,harvest,7036,633.24
SLBE,2020,insect_disease_mort,242,21.78
SLBE,2020,unknown,9,0.81
SLBE,2021,agriculture,154,13.86
SLBE,2021,development,1641,147.69
SLBE,2021,harvest,4349,391.41
SLBE,2021,insect_disease_mort,340,30.6
SLBE,2021,unknown,14,1.26
VOYA,1995,agriculture,37,3.33
VOYA,1995,beaver,784,70.56
VOYA,1995,development,399,35.91
VOYA,1995,harvest,30384,2734.56
VOYA,1995,unknown,128,11.52
VOYA,1996,agriculture,24,2.16
VOYA,1996,beaver,608,54.72
VOYA,1996,development,77,6.93
VOYA,1996,harvest,29825,2684.25
VOYA,1997,agriculture,197,17.73
VOYA,1997,beaver,1785,160.65
VOYA,1997,blowdown,465,41.85
VOYA,1997,development,387,34.83
VOYA,1997,fire,113,10.17
VOYA,1997,harvest,45933,4133.97
VOYA,1998,agriculture,116,10.44
VOYA,1998,beaver,518,46.62
VOYA,1998,development,134,12.06
VOYA,1998,harvest,33399,3005.91
VOYA,1998,unknown,34,3.06
VOYA,1999,beaver,358,32.22
VOYA,1999,blowdown,19383,1744.47
VOYA,1999,development,57,5.13
VOYA,1999,harvest,25235,2271.15
VOYA,1999,insect_disease_defo,418,37.62
VOYA,2000,agriculture,143,12.87
VOYA,2000,beaver,809,72.81
VOYA,2000,blowdown,86,7.74
VOYA,2000,development,217,19.53
VOYA,2000,harvest,52793,4751.37
VOYA,2000,insect_disease_defo,23975,2157.75
VOYA,2000,unknown,48,4.32
VOYA,2001,agriculture,405,36.45
VOYA,2001,beaver,4357,392.13
VOYA,2001,development,358,32.22
VOYA,2001,harvest,32865,2957.85
VOYA,2001,insect_disease_defo,3335,300.15
VOYA,2001,insect_disease_mort,190,17.1
VOYA,2001,unknown,41,3.69
VOYA,2002,agriculture,14,1.26
VOYA,2002,beaver,2440,219.6
VOYA,2002,blowdown,1275,114.75
VOYA,2002,development,163,14.67
VOYA,2002,flooding,14,1.26
VOYA,2002,harvest,29620,2665.8
VOYA,2002,insect_disease_mort,362,32.58
VOYA,2003,agriculture,117,10.53
VOYA,2003,beaver,708,63.72
VOYA,2003,development,372,33.48
VOYA,2003,harvest,46029,4142.61
VOYA,2004,beaver,584,52.56
VOYA,2004,development,582,52.38
VOYA,2004,fire,1709,153.81
VOYA,2004,harvest,39945,3595.05
VOYA,2005,beaver,903,81.27
VOYA,2005,blowdown,156,14.04
VOYA,2005,development,165,14.85
VOYA,2005,fire,753,67.77
VOYA,2005,flooding,95,8.55
VOYA,2005,harvest,35058,3155.22
VOYA,2005,unknown,14,1.26
VOYA,2006,agriculture,192,17.28
VOYA,2006,beaver,239,21.51
VOYA,2006,blowdown,711,63.99
VOYA,2006,development,301,27.09
VOYA,2006,fire,3124,281.16
VOYA,2006,harvest,16988,1528.92
VOYA,2006,insect_disease_defo,539,48.51
VOYA,2007,beaver,282,25.38
VOYA,2007,development,294,26.46
VOYA,2007,fire,10,0.9
VOYA,2007,flooding,39,3.51
VOYA,2007,harvest,22669,2040.21
VOYA,2007,insect_disease_defo,97,8.73
VOYA,2007,insect_disease_mort,63,5.67
VOYA,2007,unknown,18,1.62
VOYA,2008,beaver,319,28.71
VOYA,2008,development,209,18.81
VOYA,2008,harvest,18744,1686.96
VOYA,2009,beaver,714,64.26
VOYA,2009,development,731,65.79
VOYA,2009,flooding,11,0.99
VOYA,2009,harvest,24035,2163.15
VOYA,2009,unknown,24,2.16
VOYA,2010,beaver,799,71.91
VOYA,2010,development,306,27.54
VOYA,2010,flooding,46,4.14
VOYA,2010,harvest,20661,1859.49
VOYA,2011,beaver,485,43.65
VOYA,2011,development,240,21.6
VOYA,2011,fire,42,3.78
VOYA,2011,flooding,113,10.17
VOYA,2011,harvest,25949,2335.41
VOYA,2012,beaver,518,46.62
VOYA,2012,development,185,16.65
VOYA,2012,fire,23,2.07
VOYA,2012,harvest,28924,2603.16
VOYA,2012,insect_disease_mort,865,77.85
VOYA,2013,beaver,164,14.76
VOYA,2013,fire,755,67.95
VOYA,2013,harvest,11074,996.66
