source,subregion,subregion_name,native_class,pixel_count,area_ha,spatial_prevalence_pct
NCCN,LEWI,LEWI,Clearing,203495,18314.55,78.48
NCCN,LEWI,LEWI,Windthrow Salvage,40886,3679.74,15.768
NCCN,LEWI,LEWI,Tree Toppling,8782,790.38,3.387
NCCN,LEWI,LEWI,Development,4396,395.64,1.695
NCCN,LEWI,LEWI,Agricultural Clearing,1158,104.22,0.447
NCCN,LEWI,LEWI,Coastal,453,40.77,0.175
NCCN,LEWI,LEWI,Mass Movement,60,5.4,0.023
NCCN,LEWI,LEWI,Progressive Defoliation,45,4.05,0.017
NCCN,LEWI,LEWI,Wetland Restoration,21,1.89,0.008
NCCN,MORA,MORA,Fire,194203,17478.27,74.171
NCCN,MORA,MORA,Defoliation,56171,5055.39,21.453
NCCN,MORA,MORA,Riparian Change,8237,741.33,3.146
NCCN,MORA,MORA,Avalanche,1430,128.7,0.546
NCCN,MORA,MORA,Blowdown,1183,106.47,0.452
NCCN,MORA,MORA,Mass Movement,586,52.74,0.224
NCCN,MORA,MORA,Clearing,13,1.17,0.005
NCCN,MORA,MORA,Development,10,0.9,0.004
NCCN,NOCA,NOCA,Fire,432329,38909.61,82.369
NCCN,NOCA,NOCA,Defoliation,51487,4633.83,9.81
NCCN,NOCA,NOCA,Avalanche,25056,2255.04,4.774
NCCN,NOCA,NOCA,Mass Movement,8358,752.22,1.592
NCCN,NOCA,NOCA,Riparian Change,6774,609.66,1.291
NCCN,NOCA,NOCA,Clearing,1087,97.83,0.207
NCCN,NOCA,NOCA,Blowdown,925,83.25,0.176
NCCN,NOCA,NOCA,Development,238,21.42,0.045
NCCN,OLYM,OLYM,Fire,44488,4003.92,52.72
NCCN,OLYM,OLYM,Riparian Change,18043,1623.87,21.382
NCCN,OLYM,OLYM,Avalanche,10045,904.05,11.904
NCCN,OLYM,OLYM,Blowdown,7792,701.28,9.234
NCCN,OLYM,OLYM,Mass Movement,3388,304.92,4.015
NCCN,OLYM,OLYM,Defoliation,390,35.1,0.462
NCCN,OLYM,OLYM,Ice Damage,115,10.35,0.136
NCCN,OLYM,OLYM,Clearing,45,4.05,0.053
NCCN,OLYM,OLYM,Development,40,3.6,0.047
NCCN,OLYM,OLYM,Coastal Change,39,3.51,0.046
GLKN_primary,APIS,APIS,harvest,575591,51803.19,49.04
GLKN_primary,APIS,APIS,insect_disease_defo,532857,47957.13,45.399
GLKN_primary,APIS,APIS,development,44160,3974.4,3.762
GLKN_primary,APIS,APIS,beaver,5723,515.07,0.488
GLKN_primary,APIS,APIS,fire,5421,487.89,0.462
GLKN_primary,APIS,APIS,agriculture,5052,454.68,0.43
GLKN_primary,APIS,APIS,blowdown,2872,258.48,0.245
GLKN_primary,APIS,APIS,unknown,1858,167.22,0.158
GLKN_primary,APIS,APIS,insect_disease_mort,120,10.8,0.01
GLKN_primary,APIS,APIS,flooding,54,4.86,0.005
GLKN_primary,INDU,INDU,development,11646,1048.14,77.07
GLKN_primary,INDU,INDU,harvest,1490,134.1,9.86
GLKN_primary,INDU,INDU,unknown,1130,101.7,7.478
GLKN_primary,INDU,INDU,flooding,543,48.87,3.593
GLKN_primary,INDU,INDU,agriculture,302,27.18,1.999
GLKN_primary,ISRO,ISRO,harvest,634627,57116.43,49.183
GLKN_primary,ISRO,ISRO,insect_disease_defo,588932,53003.88,45.642
GLKN_primary,ISRO,ISRO,development,40345,3631.05,3.127
GLKN_primary,ISRO,ISRO,beaver,20266,1823.94,1.571
GLKN_primary,ISRO,ISRO,agriculture,3400,306.0,0.263
GLKN_primary,ISRO,ISRO,insect_disease_mort,1437,129.33,0.111
GLKN_primary,ISRO,ISRO,blowdown,646,58.14,0.05
GLKN_primary,ISRO,ISRO,unknown,472,42.48,0.037
GLKN_primary,ISRO,ISRO,fire,217,19.53,0.017
GLKN_primary,MISS,MISS,development,199393,17945.37,98.739
GLKN_primary,MISS,MISS,agriculture,906,81.54,0.449
GLKN_primary,MISS,MISS,unknown,701,63.09,0.347
GLKN_primary,MISS,MISS,flooding,335,30.15,0.166
GLKN_primary,MISS,MISS,insect_disease_mort,328,29.52,0.162
GLKN_primary,MISS,MISS,harvest,217,19.53,0.107
GLKN_primary,MISS,MISS,blowdown,31,2.79,0.015
GLKN_primary,MISS,MISS,fire,28,2.52,0.014
GLKN_primary,SACN,SACN,harvest,413583,37222.47,75.49
GLKN_primary,SACN,SACN,development,112499,10124.91,20.534
GLKN_primary,SACN,SACN,blowdown,7657,689.13,1.398
GLKN_primary,SACN,SACN,agriculture,6021,541.89,1.099
GLKN_primary,SACN,SACN,beaver,4283,385.47,0.782
GLKN_primary,SACN,SACN,unknown,3200,288.0,0.584
GLKN_primary,SACN,SACN,flooding,422,37.98,0.077
GLKN_primary,SACN,SACN,insect_disease_mort,196,17.64,0.036
GLKN_primary,SLBE,SLBE,harvest,117749,10597.41,60.087
GLKN_primary,SLBE,SLBE,development,54714,4924.26,27.92
GLKN_primary,SLBE,SLBE,agriculture,14957,1346.13,7.632
GLKN_primary,SLBE,SLBE,blowdown,5553,499.77,2.834
GLKN_primary,SLBE,SLBE,insect_disease_mort,2108,189.72,1.076
GLKN_primary,SLBE,SLBE,unknown,843,75.87,0.43
GLKN_primary,SLBE,SLBE,flooding,41,3.69,0.021
GLKN_primary,VOYA,VOYA,harvest,570130,51311.7,87.309
GLKN_primary,VOYA,VOYA,insect_disease_defo,28364,2552.76,4.344
GLKN_primary,VOYA,VOYA,blowdown,22076,1986.84,3.381
GLKN_primary,VOYA,VOYA,beaver,17374,1563.66,2.661
GLKN_primary,VOYA,VOYA,fire,6529,587.61,1.0
GLKN_primary,VOYA,VOYA,development,5177,465.93,0.793
GLKN_primary,VOYA,VOYA,insect_disease_mort,1480,133.2,0.227
GLKN_primary,VOYA,VOYA,agriculture,1245,112.05,0.191
GLKN_primary,VOYA,VOYA,flooding,318,28.62,0.049
GLKN_primary,VOYA,VOYA,unknown,307,27.63,0.047
ADS_R6_DCA,1,Coast Range,Swiss needle cast,11979260,1078133.4,44.74
ADS_R6_DCA,1,Coast Range,bears,9467066,852035.94,35.357
ADS_R6_DCA,1,Coast Range,unknown,1071657,96449.13,4.002
ADS_R6_DCA,1,Coast Range,heat,919314,82738.26,3.433
ADS_R6_DCA,1,Coast Range,Douglas-fir beetle,660805,59472.45,2.468
ADS_R6_DCA,1,Coast Range,fir engraver,565478,50893.02,2.112
ADS_R6_DCA,1,Coast Range,Port-Orford-cedar root disease,562116,50590.44,2.099
ADS_R6_DCA,1,Coast Range,wind-tornado/hurricane,271995,24479.55,1.016
ADS_R6_DCA,1,Coast Range,root disease or bears,268032,24122.88,1.001
ADS_R6_DCA,1,Coast Range,spruce aphid,256705,23103.45,0.959
ADS_R6_DCA,1,Coast Range,hemlock decline,203115,18280.35,0.759
ADS_R6_DCA,1,Coast Range,balsam woolly adelgid,167691,15092.19,0.626
ADS_R6_DCA,1,Coast Range,needlecast,100729,9065.61,0.376
ADS_R6_DCA,1,Coast Range,western tent caterpillar,95165,8564.85,0.355
ADS_R6_DCA,1,Coast Range,western blackheaded budworm,65641,5907.69,0.245
ADS_R6_DCA,1,Coast Range,Cytospora canker of fir,49376,4443.84,0.184
ADS_R6_DCA,1,Coast Range,Douglas-fir engraver,44498,4004.82,0.166
ADS_R6_DCA,1,Coast Range,root diseases/decay,33851,3046.59,0.126
ADS_R6_DCA,1,Coast Range,snow-ice,26546,2389.14,0.099
ADS_R6_DCA,1,Coast Range,decline complex,26317,2368.53,0.098
ADS_R6_DCA,1,Coast Range,flatheaded fir borer,24738,2226.42,0.092
ADS_R6_DCA,1,Coast Range,flooding-high water,20256,1823.04,0.076
ADS_R6_DCA,1,Coast Range,frost,19588,1762.92,0.073
ADS_R6_DCA,1,Coast Range,winter injury,19256,1733.04,0.072
ADS_R6_DCA,1,Coast Range,mountain pine beetle,19106,1719.54,0.071
ADS_R6_DCA,1,Coast Range,flatheaded borer,18163,1634.67,0.068
ADS_R6_DCA,1,Coast Range,unknown root disease or decay,17047,1534.23,0.064
ADS_R6_DCA,1,Coast Range,unknown defoliator,16576,1491.84,0.062
ADS_R6_DCA,1,Coast Range,foliage discoloration,16360,1472.4,0.061
ADS_R6_DCA,1,Coast Range,western balsam bark beetle,16158,1454.22,0.06
ADS_R6_DCA,1,Coast Range,spruce beetle,13201,1188.09,0.049
ADS_R6_DCA,1,Coast Range,fire,10438,939.42,0.039
ADS_R6_DCA,1,Coast Range,western pine beetle,7913,712.17,0.03
ADS_R6_DCA,1,Coast Range,sawflies,7620,685.8,0.028
ADS_R6_DCA,1,Coast Range,mud-land slide,6386,574.74,0.024
ADS_R6_DCA,1,Coast Range,hardwood leaf rusts,6236,561.24,0.023
ADS_R6_DCA,1,Coast Range,Douglas-fir rust,5688,511.92,0.021
ADS_R6_DCA,1,Coast Range,drought,5428,488.52,0.02
ADS_R6_DCA,1,Coast Range,tent caterpillars,4662,419.58,0.017
ADS_R6_DCA,1,Coast Range,mortality,4651,418.59,0.017
ADS_R6_DCA,1,Coast Range,white pine blister rust,4316,388.44,0.016
ADS_R6_DCA,1,Coast Range,pine engraver,4072,366.48,0.015
ADS_R6_DCA,1,Coast Range,black stain root disease,3697,332.73,0.014
ADS_R6_DCA,1,Coast Range,maple decline,3174,285.66,0.012
ADS_R6_DCA,1,Coast Range,Lophodermium needle cast of pines,2432,218.88,0.009
ADS_R6_DCA,1,Coast Range,gorse,1882,169.38,0.007
ADS_R6_DCA,1,Coast Range,wild fire,1779,160.11,0.007
ADS_R6_DCA,1,Coast Range,oak pit scale A. minus,1092,98.28,0.004
ADS_R6_DCA,1,Coast Range,leaf rusts of hardwoods,985,88.65,0.004
ADS_R6_DCA,1,Coast Range,"other pest complex, known (code pending)",983,88.47,0.004
ADS_R6_DCA,1,Coast Range,pine needle sheathminer,519,46.71,0.002
ADS_R6_DCA,1,Coast Range,Pacific madrone decline,456,41.04,0.002
ADS_R6_DCA,1,Coast Range,silver fir beetle,313,28.17,0.001
ADS_R6_DCA,1,Coast Range,hemlock sawfly,252,22.68,0.001
ADS_R6_DCA,1,Coast Range,alder flea beetle,230,20.7,0.001
ADS_R6_DCA,1,Coast Range,false hemlock looper,132,11.88,0.0
ADS_R6_DCA,1,Coast Range,ips engraver beetles,129,11.61,0.0
ADS_R6_DCA,1,Coast Range,"other root disease or decay, known (code pending)",45,4.05,0.0
ADS_R6_DCA,1,Coast Range,larch needle cast,28,2.52,0.0
ADS_R6_DCA,1,Coast Range,hail,16,1.44,0.0
ADS_R6_DCA,1,Coast Range,ponderosa pine sawfly,14,1.26,0.0
ADS_R6_DCA,4,Cascades,mountain pine beetle,7375840,663825.6,24.443
ADS_R6_DCA,4,Cascades,bears,6555845,590026.05,21.725
ADS_R6_DCA,4,Cascades,fir engraver,5282060,475385.4,17.504
ADS_R6_DCA,4,Cascades,balsam woolly adelgid,4070361,366332.49,13.489
ADS_R6_DCA,4,Cascades,western spruce budworm,2532420,227917.8,8.392
ADS_R6_DCA,4,Cascades,Douglas-fir beetle,1921559,172940.31,6.368
ADS_R6_DCA,4,Cascades,Cytospora canker of fir,1215246,109372.14,4.027
ADS_R6_DCA,4,Cascades,flatheaded fir borer,784456,70601.04,2.6
ADS_R6_DCA,4,Cascades,western pine beetle,296107,26649.63,0.981
ADS_R6_DCA,4,Cascades,western balsam bark beetle,272879,24559.11,0.904
ADS_R6_DCA,4,Cascades,needlecast,203063,18275.67,0.673
ADS_R6_DCA,4,Cascades,root disease or bears,198846,17896.14,0.659
ADS_R6_DCA,4,Cascades,larch casebearer,192061,17285.49,0.636
ADS_R6_DCA,4,Cascades,silver fir beetle,171237,15411.33,0.567
ADS_R6_DCA,4,Cascades,unknown,147868,13308.12,0.49
ADS_R6_DCA,4,Cascades,Lophodermium needle cast of pines,134871,12138.39,0.447
ADS_R6_DCA,4,Cascades,fire,134819,12133.71,0.447
ADS_R6_DCA,4,Cascades,flatheaded borer,98243,8841.87,0.326
ADS_R6_DCA,4,Cascades,wild fire,85196,7667.64,0.282
ADS_R6_DCA,4,Cascades,larch needle cast,75032,6752.88,0.249
ADS_R6_DCA,4,Cascades,white pine blister rust,66131,5951.79,0.219
ADS_R6_DCA,4,Cascades,hemlock decline,57595,5183.55,0.191
ADS_R6_DCA,4,Cascades,winter injury,54839,4935.51,0.182
ADS_R6_DCA,4,Cascades,drought,49354,4441.86,0.164
ADS_R6_DCA,4,Cascades,Douglas-fir engraver,48162,4334.58,0.16
ADS_R6_DCA,4,Cascades,heat,44300,3987.0,0.147
ADS_R6_DCA,4,Cascades,Lophodermella needle cast of pines,31879,2869.11,0.106
ADS_R6_DCA,4,Cascades,root diseases/decay,26550,2389.5,0.088
ADS_R6_DCA,4,Cascades,frost,25747,2317.23,0.085
ADS_R6_DCA,4,Cascades,Swiss needle cast,25069,2256.21,0.083
ADS_R6_DCA,4,Cascades,foliage discoloration,22736,2046.24,0.075
ADS_R6_DCA,4,Cascades,western tent caterpillar,22075,1986.75,0.073
ADS_R6_DCA,4,Cascades,hail,18669,1680.21,0.062
ADS_R6_DCA,4,Cascades,needleminers,18519,1666.71,0.061
ADS_R6_DCA,4,Cascades,sawflies,17352,1561.68,0.058
ADS_R6_DCA,4,Cascades,unknown defoliator,16068,1446.12,0.053
ADS_R6_DCA,4,Cascades,pine engraver,14401,1296.09,0.048
ADS_R6_DCA,4,Cascades,flooding-high water,9336,840.24,0.031
ADS_R6_DCA,4,Cascades,wind-tornado/hurricane,9108,819.72,0.03
ADS_R6_DCA,4,Cascades,decline complex,8902,801.18,0.03
ADS_R6_DCA,4,Cascades,unknown root disease or decay,7435,669.15,0.025
ADS_R6_DCA,4,Cascades,spruce beetle,6185,556.65,0.02
ADS_R6_DCA,4,Cascades,western blackheaded budworm,5297,476.73,0.018
ADS_R6_DCA,4,Cascades,ips engraver beetles,5276,474.84,0.017
ADS_R6_DCA,4,Cascades,Douglas-fir tussock moth,5060,455.4,0.017
ADS_R6_DCA,4,Cascades,maple decline,4479,403.11,0.015
ADS_R6_DCA,4,Cascades,Gelechiid moths/needleminers,4388,394.92,0.015
ADS_R6_DCA,4,Cascades,snow-ice,4188,376.92,0.014
ADS_R6_DCA,4,Cascades,no data,3925,353.25,0.013
ADS_R6_DCA,4,Cascades,hemlock sawfly,3861,347.49,0.013
ADS_R6_DCA,4,Cascades,lodgepole sawfly,3805,342.45,0.013
ADS_R6_DCA,4,Cascades,mud-land slide,3714,334.26,0.012
ADS_R6_DCA,4,Cascades,mortality,2698,242.82,0.009
ADS_R6_DCA,4,Cascades,black pineleaf scale,2485,223.65,0.008
ADS_R6_DCA,4,Cascades,satin moth,601,54.09,0.002
ADS_R6_DCA,4,Cascades,false hemlock looper,551,49.59,0.002
ADS_R6_DCA,4,Cascades,pine needle sheathminer,433,38.97,0.001
ADS_R6_DCA,4,Cascades,Diplodia canker,324,29.16,0.001
ADS_R6_DCA,4,Cascades,Cooley spruce gall adelgid,150,13.5,0.0
ADS_R6_DCA,4,Cascades,Port-Orford-cedar root disease,141,12.69,0.0
ADS_R6_DCA,4,Cascades,pandora moth,117,10.53,0.0
ADS_R6_DCA,4,Cascades,Douglas-fir budmoth,109,9.81,0.0
ADS_R6_DCA,4,Cascades,Pacific madrone decline,96,8.64,0.0
ADS_R6_DCA,9,Eastern Cascades Slopes and Foothills,mountain pine beetle,16840802,1515672.18,40.823
ADS_R6_DCA,9,Eastern Cascades Slopes and Foothills,western spruce budworm,9193514,827416.26,22.286
ADS_R6_DCA,9,Eastern Cascades Slopes and Foothills,fir engraver,9029158,812624.22,21.887
ADS_R6_DCA,9,Eastern Cascades Slopes and Foothills,western pine beetle,4535665,408209.85,10.995
ADS_R6_DCA,9,Eastern Cascades Slopes and Foothills,Douglas-fir beetle,880275,79224.75,2.134
ADS_R6_DCA,9,Eastern Cascades Slopes and Foothills,pandora moth,686527,61787.43,1.664
ADS_R6_DCA,9,Eastern Cascades Slopes and Foothills,needlecast,680565,61250.85,1.65
ADS_R6_DCA,9,Eastern Cascades Slopes and Foothills,balsam woolly adelgid,418260,37643.4,1.014
ADS_R6_DCA,9,Eastern Cascades Slopes and Foothills,fire,326190,29357.1,0.791
ADS_R6_DCA,9,Eastern Cascades Slopes and Foothills,Modoc budworm,323070,29076.3,0.783
ADS_R6_DCA,9,Eastern Cascades Slopes and Foothills,western balsam bark beetle,248438,22359.42,0.602
ADS_R6_DCA,9,Eastern Cascades Slopes and Foothills,pine engraver,237608,21384.72,0.576
ADS_R6_DCA,9,Eastern Cascades Slopes and Foothills,larch casebearer,207781,18700.29,0.504
ADS_R6_DCA,9,Eastern Cascades Slopes and Foothills,ips engraver beetles,202005,18180.45,0.49
ADS_R6_DCA,9,Eastern Cascades Slopes and Foothills,larch needle cast,191607,17244.63,0.464
ADS_R6_DCA,9,Eastern Cascades Slopes and Foothills,bears,184588,16612.92,0.447
ADS_R6_DCA,9,Eastern Cascades Slopes and Foothills,wild fire,119744,10776.96,0.29
ADS_R6_DCA,9,Eastern Cascades Slopes and Foothills,lodgepole needleminer,113040,10173.6,0.274
ADS_R6_DCA,9,Eastern Cascades Slopes and Foothills,flatheaded fir borer,96940,8724.6,0.235
ADS_R6_DCA,9,Eastern Cascades Slopes and Foothills,lodgepole sawfly,81366,7322.94,0.197
ADS_R6_DCA,9,Eastern Cascades Slopes and Foothills,decline complex,76015,6841.35,0.184
ADS_R6_DCA,9,Eastern Cascades Slopes and Foothills,Lophodermium needle cast of pines,57095,5138.55,0.138
ADS_R6_DCA,9,Eastern Cascades Slopes and Foothills,white pine blister rust,48946,4405.14,0.119
ADS_R6_DCA,9,Eastern Cascades Slopes and Foothills,Douglas-fir engraver,38595,3473.55,0.094
ADS_R6_DCA,9,Eastern Cascades Slopes and Foothills,unknown,36725,3305.25,0.089
ADS_R6_DCA,9,Eastern Cascades Slopes and Foothills,satin moth,33192,2987.28,0.08
ADS_R6_DCA,9,Eastern Cascades Slopes and Foothills,spruce beetle,29044,2613.96,0.07
ADS_R6_DCA,9,Eastern Cascades Slopes and Foothills,winter injury,27982,2518.38,0.068
ADS_R6_DCA,9,Eastern Cascades Slopes and Foothills,black pineleaf scale,24159,2174.31,0.059
ADS_R6_DCA,9,Eastern Cascades Slopes and Foothills,Cytospora canker of fir,18494,1664.46,0.045
ADS_R6_DCA,9,Eastern Cascades Slopes and Foothills,hail,17191,1547.19,0.042
ADS_R6_DCA,9,Eastern Cascades Slopes and Foothills,Gelechiid moths/needleminers,16738,1506.42,0.041
ADS_R6_DCA,9,Eastern Cascades Slopes and Foothills,frost,10149,913.41,0.025
ADS_R6_DCA,9,Eastern Cascades Slopes and Foothills,drought,9609,864.81,0.023
ADS_R6_DCA,9,Eastern Cascades Slopes and Foothills,root disease or bears,8456,761.04,0.02
ADS_R6_DCA,9,Eastern Cascades Slopes and Foothills,foliage discoloration,6657,599.13,0.016
ADS_R6_DCA,9,Eastern Cascades Slopes and Foothills,western blackheaded budworm,3495,314.55,0.008
ADS_R6_DCA,9,Eastern Cascades Slopes and Foothills,flooding-high water,3349,301.41,0.008
ADS_R6_DCA,9,Eastern Cascades Slopes and Foothills,Douglas-fir tussock moth,2766,248.94,0.007
ADS_R6_DCA,9,Eastern Cascades Slopes and Foothills,unknown defoliator,2712,244.08,0.007
ADS_R6_DCA,9,Eastern Cascades Slopes and Foothills,western tent caterpillar,2546,229.14,0.006
ADS_R6_DCA,9,Eastern Cascades Slopes and Foothills,root diseases/decay,2238,201.42,0.005
ADS_R6_DCA,9,Eastern Cascades Slopes and Foothills,wind-tornado/hurricane,2152,193.68,0.005
ADS_R6_DCA,9,Eastern Cascades Slopes and Foothills,flatheaded borer,2027,182.43,0.005
ADS_R6_DCA,9,Eastern Cascades Slopes and Foothills,weevil,1607,144.63,0.004
ADS_R6_DCA,9,Eastern Cascades Slopes and Foothills,Diplodia canker,1514,136.26,0.004
ADS_R6_DCA,9,Eastern Cascades Slopes and Foothills,western oak looper,1354,121.86,0.003
ADS_R6_DCA,9,Eastern Cascades Slopes and Foothills,pine needle scale,1203,108.27,0.003
ADS_R6_DCA,9,Eastern Cascades Slopes and Foothills,no data,1194,107.46,0.003
ADS_R6_DCA,9,Eastern Cascades Slopes and Foothills,sawflies,1179,106.11,0.003
ADS_R6_DCA,9,Eastern Cascades Slopes and Foothills,mud-land slide,1135,102.15,0.003
ADS_R6_DCA,9,Eastern Cascades Slopes and Foothills,silver fir beetle,921,82.89,0.002
ADS_R6_DCA,9,Eastern Cascades Slopes and Foothills,Lophodermella needle cast of pines,728,65.52,0.002
ADS_R6_DCA,9,Eastern Cascades Slopes and Foothills,leaf rusts of hardwoods,400,36.0,0.001
ADS_R6_DCA,9,Eastern Cascades Slopes and Foothills,unknown root disease or decay,392,35.28,0.001
ADS_R6_DCA,9,Eastern Cascades Slopes and Foothills,snow-ice,260,23.4,0.001
ADS_R6_DCA,9,Eastern Cascades Slopes and Foothills,American beaver,120,10.8,0.0
ADS_R6_DCA,9,Eastern Cascades Slopes and Foothills,spruce aphid,89,8.01,0.0
ADS_R6_DCA,9,Eastern Cascades Slopes and Foothills,maple decline,42,3.78,0.0
ADS_R6_DCA,9,Eastern Cascades Slopes and Foothills,"other pest complex, known (code pending)",40,3.6,0.0
ADS_R6_DCA,9,Eastern Cascades Slopes and Foothills,heat,4,0.36,0.0
ADS_R6_DCA,11,Blue Mountains,fir engraver,14492031,1304282.79,37.278
ADS_R6_DCA,11,Blue Mountains,mountain pine beetle,6576073,591846.57,16.916
ADS_R6_DCA,11,Blue Mountains,western pine beetle,5659567,509361.03,14.558
ADS_R6_DCA,11,Blue Mountains,balsam woolly adelgid,4694440,422499.6,12.076
ADS_R6_DCA,11,Blue Mountains,western spruce budworm,2922139,262992.51,7.517
ADS_R6_DCA,11,Blue Mountains,Douglas-fir beetle,2524272,227184.48,6.493
ADS_R6_DCA,11,Blue Mountains,Douglas-fir tussock moth,1667292,150056.28,4.289
ADS_R6_DCA,11,Blue Mountains,pine butterfly,1657476,149172.84,4.264
ADS_R6_DCA,11,Blue Mountains,larch casebearer,783806,70542.54,2.016
ADS_R6_DCA,11,Blue Mountains,fire,447088,40237.92,1.15
ADS_R6_DCA,11,Blue Mountains,wild fire,240023,21602.07,0.617
ADS_R6_DCA,11,Blue Mountains,needlecast,173615,15625.35,0.447
ADS_R6_DCA,11,Blue Mountains,Gelechiid moths/needleminers,122451,11020.59,0.315
ADS_R6_DCA,11,Blue Mountains,western balsam bark beetle,95546,8599.14,0.246
ADS_R6_DCA,11,Blue Mountains,larch needle cast,92195,8297.55,0.237
ADS_R6_DCA,11,Blue Mountains,white pine blister rust,63551,5719.59,0.163
ADS_R6_DCA,11,Blue Mountains,pine engraver,59695,5372.55,0.154
ADS_R6_DCA,11,Blue Mountains,ips engraver beetles,59286,5335.74,0.153
ADS_R6_DCA,11,Blue Mountains,ponderosa pine sawfly,52518,4726.62,0.135
ADS_R6_DCA,11,Blue Mountains,unknown,46615,4195.35,0.12
ADS_R6_DCA,11,Blue Mountains,Lophodermium needle cast of pines,28374,2553.66,0.073
ADS_R6_DCA,11,Blue Mountains,spruce beetle,28306,2547.54,0.073
ADS_R6_DCA,11,Blue Mountains,Douglas-fir engraver,21462,1931.58,0.055
ADS_R6_DCA,11,Blue Mountains,foliage discoloration,20365,1832.85,0.052
ADS_R6_DCA,11,Blue Mountains,satin moth,15946,1435.14,0.041
ADS_R6_DCA,11,Blue Mountains,black pineleaf scale,13221,1189.89,0.034
ADS_R6_DCA,11,Blue Mountains,unknown defoliator,9578,862.02,0.025
ADS_R6_DCA,11,Blue Mountains,snow-ice,8463,761.67,0.022
ADS_R6_DCA,11,Blue Mountains,decline complex,8260,743.4,0.021
ADS_R6_DCA,11,Blue Mountains,drought,7159,644.31,0.018
ADS_R6_DCA,11,Blue Mountains,Diplodia canker,6704,603.36,0.017
ADS_R6_DCA,11,Blue Mountains,Cytospora canker of fir,2782,250.38,0.007
ADS_R6_DCA,11,Blue Mountains,bears,1305,117.45,0.003
ADS_R6_DCA,11,Blue Mountains,wind-tornado/hurricane,1266,113.94,0.003
ADS_R6_DCA,11,Blue Mountains,winter injury,1227,110.43,0.003
ADS_R6_DCA,11,Blue Mountains,western tent caterpillar,726,65.34,0.002
ADS_R6_DCA,11,Blue Mountains,pine needle sheathminer,658,59.22,0.002
ADS_R6_DCA,11,Blue Mountains,loopers,610,54.9,0.002
ADS_R6_DCA,11,Blue Mountains,spruce aphid,585,52.65,0.002
ADS_R6_DCA,11,Blue Mountains,hail,468,42.12,0.001
ADS_R6_DCA,11,Blue Mountains,root diseases/decay,447,40.23,0.001
ADS_R6_DCA,11,Blue Mountains,mud-land slide,405,36.45,0.001
ADS_R6_DCA,11,Blue Mountains,flooding-high water,374,33.66,0.001
ADS_R6_DCA,11,Blue Mountains,frost,125,11.25,0.0
ADS_R6_DCA,11,Blue Mountains,sawflies,112,10.08,0.0
ADS_R6_DCA,11,Blue Mountains,silver fir beetle,65,5.85,0.0
ADS_R6_DCA,11,Blue Mountains,unknown root disease or decay,30,2.7,0.0
ADS_R6_DCA,11,Blue Mountains,no data,29,2.61,0.0
ADS_R6_DCA,15,Northern Rockies,mountain pine beetle,4241484,381733.56,22.398
ADS_R6_DCA,15,Northern Rockies,fir engraver,4199895,377990.55,22.178
ADS_R6_DCA,15,Northern Rockies,western spruce budworm,3330789,299771.01,17.589
ADS_R6_DCA,15,Northern Rockies,Douglas-fir beetle,2355854,212026.86,12.44
ADS_R6_DCA,15,Northern Rockies,larch needle cast,1840148,165613.32,9.717
ADS_R6_DCA,15,Northern Rockies,western pine beetle,1713043,154173.87,9.046
ADS_R6_DCA,15,Northern Rockies,western balsam bark beetle,721994,64979.46,3.813
ADS_R6_DCA,15,Northern Rockies,unknown,709236,63831.24,3.745
ADS_R6_DCA,15,Northern Rockies,larch casebearer,357722,32194.98,1.889
ADS_R6_DCA,15,Northern Rockies,fire,353977,31857.93,1.869
ADS_R6_DCA,15,Northern Rockies,needlecast,269487,24253.83,1.423
ADS_R6_DCA,15,Northern Rockies,Douglas-fir engraver,234719,21124.71,1.239
ADS_R6_DCA,15,Northern Rockies,bears,224171,20175.39,1.184
ADS_R6_DCA,15,Northern Rockies,balsam woolly adelgid,156772,14109.48,0.828
ADS_R6_DCA,15,Northern Rockies,ips engraver beetles,97783,8800.47,0.516
ADS_R6_DCA,15,Northern Rockies,pine engraver,93925,8453.25,0.496
ADS_R6_DCA,15,Northern Rockies,spruce beetle,63650,5728.5,0.336
ADS_R6_DCA,15,Northern Rockies,Lophodermium needle cast of pines,47151,4243.59,0.249
ADS_R6_DCA,15,Northern Rockies,wild fire,37096,3338.64,0.196
ADS_R6_DCA,15,Northern Rockies,decline complex,22630,2036.7,0.12
ADS_R6_DCA,15,Northern Rockies,Douglas-fir tussock moth,19913,1792.17,0.105
ADS_R6_DCA,15,Northern Rockies,wind-tornado/hurricane,18269,1644.21,0.096
ADS_R6_DCA,15,Northern Rockies,satin moth,15679,1411.11,0.083
ADS_R6_DCA,15,Northern Rockies,larch bud moth,9584,862.56,0.051
ADS_R6_DCA,15,Northern Rockies,root diseases/decay,9497,854.73,0.05
ADS_R6_DCA,15,Northern Rockies,Douglas-fir needle midge,8737,786.33,0.046
ADS_R6_DCA,15,Northern Rockies,foliage discoloration,8429,758.61,0.045
ADS_R6_DCA,15,Northern Rockies,black pineleaf scale,7244,651.96,0.038
ADS_R6_DCA,15,Northern Rockies,winter injury,7208,648.72,0.038
ADS_R6_DCA,15,Northern Rockies,root disease or bears,6504,585.36,0.034
ADS_R6_DCA,15,Northern Rockies,drought,6289,566.01,0.033
ADS_R6_DCA,15,Northern Rockies,unknown root disease or decay,5734,516.06,0.03
ADS_R6_DCA,15,Northern Rockies,unknown defoliator,5711,513.99,0.03
ADS_R6_DCA,15,Northern Rockies,frost,4700,423.0,0.025
ADS_R6_DCA,15,Northern Rockies,western tent caterpillar,4465,401.85,0.024
ADS_R6_DCA,15,Northern Rockies,ponderosa pine sawfly,4290,386.1,0.023
ADS_R6_DCA,15,Northern Rockies,Gelechiid moths/needleminers,3842,345.78,0.02
ADS_R6_DCA,15,Northern Rockies,pine needle scale,3361,302.49,0.018
ADS_R6_DCA,15,Northern Rockies,flooding-high water,2605,234.45,0.014
ADS_R6_DCA,15,Northern Rockies,sawflies,2262,203.58,0.012
ADS_R6_DCA,15,Northern Rockies,silver fir beetle,2015,181.35,0.011
ADS_R6_DCA,15,Northern Rockies,white pine blister rust,1710,153.9,0.009
ADS_R6_DCA,15,Northern Rockies,birch leafminer,1502,135.18,0.008
ADS_R6_DCA,15,Northern Rockies,green larch looper,1077,96.93,0.006
ADS_R6_DCA,15,Northern Rockies,Lophodermella needle cast of pines,668,60.12,0.004
ADS_R6_DCA,15,Northern Rockies,Douglas-fir rust,631,56.79,0.003
ADS_R6_DCA,15,Northern Rockies,no data,265,23.85,0.001
ADS_R6_DCA,15,Northern Rockies,mud-land slide,252,22.68,0.001
ADS_R6_DCA,15,Northern Rockies,spruce aphid,216,19.44,0.001
ADS_R6_DCA,15,Northern Rockies,snow-ice,96,8.64,0.001
ADS_R6_DCA,15,Northern Rockies,Diplodia canker,75,6.75,0.0
ADS_R6_DCA,15,Northern Rockies,dieback,58,5.22,0.0
ADS_R6_DCA,15,Northern Rockies,western oak looper,51,4.59,0.0
ADS_R6_DCA,15,Northern Rockies,mortality,42,3.78,0.0
ADS_R6_DCA,15,Northern Rockies,flatheaded fir borer,35,3.15,0.0
ADS_R6_DCA,15,Northern Rockies,maple decline,9,0.81,0.0
ADS_R6_DCA,77,North Cascades,western spruce budworm,12191693,1097252.37,37.172
ADS_R6_DCA,77,North Cascades,mountain pine beetle,9196959,827726.31,28.042
ADS_R6_DCA,77,North Cascades,fir engraver,2676208,240858.72,8.16
ADS_R6_DCA,77,North Cascades,spruce beetle,2205252,198472.68,6.724
ADS_R6_DCA,77,North Cascades,bears,1871364,168422.76,5.706
ADS_R6_DCA,77,North Cascades,balsam woolly adelgid,1621176,145905.84,4.943
ADS_R6_DCA,77,North Cascades,Douglas-fir beetle,1246079,112147.11,3.799
ADS_R6_DCA,77,North Cascades,western balsam bark beetle,1174486,105703.74,3.581
ADS_R6_DCA,77,North Cascades,fire,826968,74427.12,2.521
ADS_R6_DCA,77,North Cascades,hemlock decline,699842,62985.78,2.134
ADS_R6_DCA,77,North Cascades,unknown,654711,58923.99,1.996
ADS_R6_DCA,77,North Cascades,hemlock looper,303573,27321.57,0.926
ADS_R6_DCA,77,North Cascades,western pine beetle,217815,19603.35,0.664
ADS_R6_DCA,77,North Cascades,western blackheaded budworm,160215,14419.35,0.488
ADS_R6_DCA,77,North Cascades,white pine blister rust,102311,9207.99,0.312
ADS_R6_DCA,77,North Cascades,silver fir beetle,92830,8354.7,0.283
ADS_R6_DCA,77,North Cascades,needlecast,92627,8336.43,0.282
ADS_R6_DCA,77,North Cascades,root disease or bears,57380,5164.2,0.175
ADS_R6_DCA,77,North Cascades,larch needle cast,53008,4770.72,0.162
ADS_R6_DCA,77,North Cascades,Douglas-fir tussock moth,45607,4104.63,0.139
ADS_R6_DCA,77,North Cascades,pine engraver,32580,2932.2,0.099
ADS_R6_DCA,77,North Cascades,wild fire,29397,2645.73,0.09
ADS_R6_DCA,77,North Cascades,Douglas-fir engraver,29184,2626.56,0.089
ADS_R6_DCA,77,North Cascades,foliage discoloration,26314,2368.26,0.08
ADS_R6_DCA,77,North Cascades,false hemlock looper,26135,2352.15,0.08
ADS_R6_DCA,77,North Cascades,decline complex,26119,2350.71,0.08
ADS_R6_DCA,77,North Cascades,black pineleaf scale,26116,2350.44,0.08
ADS_R6_DCA,77,North Cascades,western tent caterpillar,23902,2151.18,0.073
ADS_R6_DCA,77,North Cascades,hardwood leaf rusts,20779,1870.11,0.063
ADS_R6_DCA,77,North Cascades,wind-tornado/hurricane,20289,1826.01,0.062
ADS_R6_DCA,77,North Cascades,winter injury,20201,1818.09,0.062
ADS_R6_DCA,77,North Cascades,larch casebearer,19685,1771.65,0.06
ADS_R6_DCA,77,North Cascades,unknown defoliator,11843,1065.87,0.036
ADS_R6_DCA,77,North Cascades,mud-land slide,10151,913.59,0.031
ADS_R6_DCA,77,North Cascades,heat,9746,877.14,0.03
ADS_R6_DCA,77,North Cascades,frost,8713,784.17,0.027
ADS_R6_DCA,77,North Cascades,satin moth,8612,775.08,0.026
ADS_R6_DCA,77,North Cascades,flooding-high water,8583,772.47,0.026
ADS_R6_DCA,77,North Cascades,root diseases/decay,6600,594.0,0.02
ADS_R6_DCA,77,North Cascades,ips engraver beetles,6106,549.54,0.019
ADS_R6_DCA,77,North Cascades,hemlock sawfly,5106,459.54,0.016
ADS_R6_DCA,77,North Cascades,sawflies,4589,413.01,0.014
ADS_R6_DCA,77,North Cascades,unknown root disease or decay,2542,228.78,0.008
ADS_R6_DCA,77,North Cascades,snow-ice,2072,186.48,0.006
ADS_R6_DCA,77,North Cascades,flatheaded fir borer,1867,168.03,0.006
ADS_R6_DCA,77,North Cascades,dieback,1711,153.99,0.005
ADS_R6_DCA,77,North Cascades,pine needle scale,1438,129.42,0.004
ADS_R6_DCA,77,North Cascades,Gelechiid moths/needleminers,1247,112.23,0.004
ADS_R6_DCA,77,North Cascades,Lophodermium needle cast of pines,1098,98.82,0.003
ADS_R6_DCA,77,North Cascades,drought,1044,93.96,0.003
ADS_R6_DCA,77,North Cascades,Cytospora canker of fir,901,81.09,0.003
ADS_R6_DCA,77,North Cascades,mortality,425,38.25,0.001
ADS_R6_DCA,77,North Cascades,Lophodermella needle cast of pines,332,29.88,0.001
ADS_R6_DCA,77,North Cascades,ponderosa pine sawfly,310,27.9,0.001
ADS_R6_DCA,77,North Cascades,Douglas-fir rust,273,24.57,0.001
ADS_R6_DCA,77,North Cascades,pine butterfly,270,24.3,0.001
ADS_R6_DCA,77,North Cascades,maple decline,255,22.95,0.001
ADS_R6_DCA,77,North Cascades,western oak looper,217,19.53,0.001
ADS_R6_DCA,77,North Cascades,no data,148,13.32,0.0
ADS_R6_DCA,77,North Cascades,spruce aphid,9,0.81,0.0
ADS_R6_DCA,78,Klamath Mountains/California High North Coast Range,flatheaded fir borer,3763025,338672.25,49.72
ADS_R6_DCA,78,Klamath Mountains/California High North Coast Range,fir engraver,1642627,147836.43,21.704
ADS_R6_DCA,78,Klamath Mountains/California High North Coast Range,western pine beetle,1131727,101855.43,14.953
ADS_R6_DCA,78,Klamath Mountains/California High North Coast Range,flatheaded borer,775759,69818.31,10.25
ADS_R6_DCA,78,Klamath Mountains/California High North Coast Range,Cytospora canker of fir,462943,41664.87,6.117
ADS_R6_DCA,78,Klamath Mountains/California High North Coast Range,unknown,455270,40974.3,6.015
ADS_R6_DCA,78,Klamath Mountains/California High North Coast Range,balsam woolly adelgid,300983,27088.47,3.977
ADS_R6_DCA,78,Klamath Mountains/California High North Coast Range,bears,127586,11482.74,1.686
ADS_R6_DCA,78,Klamath Mountains/California High North Coast Range,mountain pine beetle,94972,8547.48,1.255
ADS_R6_DCA,78,Klamath Mountains/California High North Coast Range,Douglas-fir beetle,55503,4995.27,0.733
ADS_R6_DCA,78,Klamath Mountains/California High North Coast Range,pine engraver,45167,4065.03,0.597
ADS_R6_DCA,78,Klamath Mountains/California High North Coast Range,unknown defoliator,32536,2928.24,0.43
ADS_R6_DCA,78,Klamath Mountains/California High North Coast Range,fire,28115,2530.35,0.371
ADS_R6_DCA,78,Klamath Mountains/California High North Coast Range,drought,27038,2433.42,0.357
ADS_R6_DCA,78,Klamath Mountains/California High North Coast Range,Port-Orford-cedar root disease,23735,2136.15,0.314
ADS_R6_DCA,78,Klamath Mountains/California High North Coast Range,Lophodermella needle cast of pines,21512,1936.08,0.284
ADS_R6_DCA,78,Klamath Mountains/California High North Coast Range,Douglas-fir engraver,12733,1145.97,0.168
ADS_R6_DCA,78,Klamath Mountains/California High North Coast Range,Lophodermium needle cast of pines,10273,924.57,0.136
ADS_R6_DCA,78,Klamath Mountains/California High North Coast Range,heat,9574,861.66,0.126
ADS_R6_DCA,78,Klamath Mountains/California High North Coast Range,western oak looper,7268,654.12,0.096
ADS_R6_DCA,78,Klamath Mountains/California High North Coast Range,white pine blister rust,6947,625.23,0.092
ADS_R6_DCA,78,Klamath Mountains/California High North Coast Range,needlecast,4080,367.2,0.054
ADS_R6_DCA,78,Klamath Mountains/California High North Coast Range,wild fire,3470,312.3,0.046
ADS_R6_DCA,78,Klamath Mountains/California High North Coast Range,root disease or bears,3427,308.43,0.045
ADS_R6_DCA,78,Klamath Mountains/California High North Coast Range,foliage discoloration,2929,263.61,0.039
ADS_R6_DCA,78,Klamath Mountains/California High North Coast Range,ips engraver beetles,2007,180.63,0.027
ADS_R6_DCA,78,Klamath Mountains/California High North Coast Range,unknown root disease or decay,1962,176.58,0.026
ADS_R6_DCA,78,Klamath Mountains/California High North Coast Range,maple decline,1762,158.58,0.023
ADS_R6_DCA,78,Klamath Mountains/California High North Coast Range,wind-tornado/hurricane,1265,113.85,0.017
ADS_R6_DCA,78,Klamath Mountains/California High North Coast Range,Swiss needle cast,1012,91.08,0.013
ADS_R6_DCA,78,Klamath Mountains/California High North Coast Range,decline complex,994,89.46,0.013
ADS_R6_DCA,78,Klamath Mountains/California High North Coast Range,phantom hemlock looper,924,83.16,0.012
ADS_R6_DCA,78,Klamath Mountains/California High North Coast Range,oak pit scale A. minus,693,62.37,0.009
ADS_R6_DCA,78,Klamath Mountains/California High North Coast Range,pandora moth,618,55.62,0.008
ADS_R6_DCA,78,Klamath Mountains/California High North Coast Range,satin moth,495,44.55,0.007
ADS_R6_DCA,78,Klamath Mountains/California High North Coast Range,root diseases/decay,453,40.77,0.006
ADS_R6_DCA,78,Klamath Mountains/California High North Coast Range,snow-ice,435,39.15,0.006
ADS_R6_DCA,78,Klamath Mountains/California High North Coast Range,hail,275,24.75,0.004
ADS_R6_DCA,78,Klamath Mountains/California High North Coast Range,Jeffrey pine beetle,253,22.77,0.003
ADS_R6_DCA,78,Klamath Mountains/California High North Coast Range,Pacific madrone decline,171,15.39,0.002
ADS_R6_DCA,78,Klamath Mountains/California High North Coast Range,winter injury,132,11.88,0.002
ADS_R6_DCA,78,Klamath Mountains/California High North Coast Range,pine needle sheathminer,97,8.73,0.001
ADS_R6_DCA,78,Klamath Mountains/California High North Coast Range,frost,92,8.28,0.001
ADS_R6_DCA,78,Klamath Mountains/California High North Coast Range,mortality,62,5.58,0.001
ADS_R6_DCA,78,Klamath Mountains/California High North Coast Range,flooding-high water,40,3.6,0.001
ADS_R6_DCA,78,Klamath Mountains/California High North Coast Range,spruce aphid,35,3.15,0.0
ADS_R6_DCA,78,Klamath Mountains/California High North Coast Range,no data,25,2.25,0.0
ADS_R6_DCA,78,Klamath Mountains/California High North Coast Range,mud-land slide,8,0.72,0.0
ADS_R10_DCA,190101,Southern Southeast Alaska,western blackheaded budworm,967078,87037.02,30.636
ADS_R10_DCA,190101,Southern Southeast Alaska,hemlock sawfly,936223,84260.07,29.659
ADS_R10_DCA,190101,Southern Southeast Alaska,yellow-cedar decline,906985,81628.65,28.733
ADS_R10_DCA,190101,Southern Southeast Alaska,spruce aphid,182445,16420.05,5.78
ADS_R10_DCA,190101,Southern Southeast Alaska,unknown defoliator,64457,5801.13,2.042
ADS_R10_DCA,190101,Southern Southeast Alaska,unknown,58967,5307.03,1.868
ADS_R10_DCA,190101,Southern Southeast Alaska,spruce beetle,19613,1765.17,0.621
ADS_R10_DCA,190101,Southern Southeast Alaska,flooding-high water,17993,1619.37,0.57
ADS_R10_DCA,190101,Southern Southeast Alaska,mud-land slide,15906,1431.54,0.504
ADS_R10_DCA,190101,Southern Southeast Alaska,wind-tornado/hurricane,14623,1316.07,0.463
ADS_R10_DCA,190101,Southern Southeast Alaska,defoliators,14196,1277.64,0.45
ADS_R10_DCA,190101,Southern Southeast Alaska,western gall rust,8170,735.3,0.259
ADS_R10_DCA,190101,Southern Southeast Alaska,common porcupine,5047,454.23,0.16
ADS_R10_DCA,190101,Southern Southeast Alaska,hemlock canker,3898,350.82,0.123
ADS_R10_DCA,190101,Southern Southeast Alaska,Dothistroma needle blight (D. septosporum),3003,270.27,0.095
ADS_R10_DCA,190101,Southern Southeast Alaska,mortality,1409,126.81,0.045
ADS_R10_DCA,190101,Southern Southeast Alaska,birch leafroller,780,70.2,0.025
ADS_R10_DCA,190101,Southern Southeast Alaska,Chrysomela leaf beetle,476,42.84,0.015
ADS_R10_DCA,190101,Southern Southeast Alaska,fire,435,39.15,0.014
ADS_R10_DCA,190101,Southern Southeast Alaska,large-spored spruce-Labrador tea rust,295,26.55,0.009
ADS_R10_DCA,190101,Southern Southeast Alaska,unknown canker,14,1.26,0.0
ADS_R10_DCA,190102,Central Southeast Alaska,western blackheaded budworm,3986010,358740.9,48.751
ADS_R10_DCA,190102,Central Southeast Alaska,hemlock sawfly,2608642,234777.78,31.905
ADS_R10_DCA,190102,Central Southeast Alaska,yellow-cedar decline,1263339,113700.51,15.451
ADS_R10_DCA,190102,Central Southeast Alaska,spruce aphid,512905,46161.45,6.273
ADS_R10_DCA,190102,Central Southeast Alaska,unknown defoliator,320707,28863.63,3.922
ADS_R10_DCA,190102,Central Southeast Alaska,unknown,171900,15471.0,2.102
ADS_R10_DCA,190102,Central Southeast Alaska,common porcupine,76581,6892.29,0.937
ADS_R10_DCA,190102,Central Southeast Alaska,wind-tornado/hurricane,37958,3416.22,0.464
ADS_R10_DCA,190102,Central Southeast Alaska,defoliators,32346,2911.14,0.396
ADS_R10_DCA,190102,Central Southeast Alaska,spruce beetle,27416,2467.44,0.335
ADS_R10_DCA,190102,Central Southeast Alaska,mud-land slide,24631,2216.79,0.301
ADS_R10_DCA,190102,Central Southeast Alaska,flooding-high water,23825,2144.25,0.291
ADS_R10_DCA,190102,Central Southeast Alaska,mortality,15805,1422.45,0.193
ADS_R10_DCA,190102,Central Southeast Alaska,hemlock canker,13461,1211.49,0.165
ADS_R10_DCA,190102,Central Southeast Alaska,large-spored spruce-Labrador tea rust,10218,919.62,0.125
ADS_R10_DCA,190102,Central Southeast Alaska,western gall rust,3384,304.56,0.041
ADS_R10_DCA,190102,Central Southeast Alaska,Dothistroma needle blight (D. septosporum),1373,123.57,0.017
ADS_R10_DCA,190102,Central Southeast Alaska,decline complex,1100,99.0,0.013
ADS_R10_DCA,190102,Central Southeast Alaska,Chrysomela leaf beetle,1021,91.89,0.012
ADS_R10_DCA,190102,Central Southeast Alaska,<Dryocoetes autographus>,854,76.86,0.01
ADS_R10_DCA,190102,Central Southeast Alaska,"other canker agent, known (code pending)",746,67.14,0.009
ADS_R10_DCA,190102,Central Southeast Alaska,spruce budworm,518,46.62,0.006
ADS_R10_DCA,190102,Central Southeast Alaska,birch leafroller,430,38.7,0.005
ADS_R10_DCA,190102,Central Southeast Alaska,willow leaf blotchminer,402,36.18,0.005
ADS_R10_DCA,190102,Central Southeast Alaska,skeletonizer,304,27.36,0.004
ADS_R10_DCA,190102,Central Southeast Alaska,Lirula spruce needle blight,209,18.81,0.003
ADS_R10_DCA,190102,Central Southeast Alaska,fire,150,13.5,0.002
ADS_R10_DCA,190102,Central Southeast Alaska,unknown canker,146,13.14,0.002
ADS_R10_DCA,190102,Central Southeast Alaska,"other wilt, known (code pending)",16,1.44,0.0
ADS_R10_DCA,190103,Northern Southeast Alaska,western blackheaded budworm,814257,73283.13,38.929
ADS_R10_DCA,190103,Northern Southeast Alaska,hemlock sawfly,251075,22596.75,12.004
ADS_R10_DCA,190103,Northern Southeast Alaska,spruce aphid,247067,22236.03,11.812
ADS_R10_DCA,190103,Northern Southeast Alaska,spruce beetle,236172,21255.48,11.291
ADS_R10_DCA,190103,Northern Southeast Alaska,defoliators,107212,9649.08,5.126
ADS_R10_DCA,190103,Northern Southeast Alaska,unknown defoliator,80049,7204.41,3.827
ADS_R10_DCA,190103,Northern Southeast Alaska,Dothistroma needle blight (D. septosporum),70934,6384.06,3.391
ADS_R10_DCA,190103,Northern Southeast Alaska,unknown,46452,4180.68,2.221
ADS_R10_DCA,190103,Northern Southeast Alaska,birch leafroller,44982,4048.38,2.151
ADS_R10_DCA,190103,Northern Southeast Alaska,flooding-high water,44559,4010.31,2.13
ADS_R10_DCA,190103,Northern Southeast Alaska,western gall rust,40223,3620.07,1.923
ADS_R10_DCA,190103,Northern Southeast Alaska,winter injury,22966,2066.94,1.098
ADS_R10_DCA,190103,Northern Southeast Alaska,mud-land slide,18150,1633.5,0.868
ADS_R10_DCA,190103,Northern Southeast Alaska,common porcupine,17349,1561.41,0.829
ADS_R10_DCA,190103,Northern Southeast Alaska,Chrysomela leaf beetle,13333,1199.97,0.637
ADS_R10_DCA,190103,Northern Southeast Alaska,wind-tornado/hurricane,12004,1080.36,0.574
ADS_R10_DCA,190103,Northern Southeast Alaska,decline complex,11537,1038.33,0.552
ADS_R10_DCA,190103,Northern Southeast Alaska,aspen leafminer,8760,788.4,0.419
ADS_R10_DCA,190103,Northern Southeast Alaska,large-spored spruce-Labrador tea rust,7929,713.61,0.379
ADS_R10_DCA,190103,Northern Southeast Alaska,unknown foliage or shoot disease,5406,486.54,0.258
ADS_R10_DCA,190103,Northern Southeast Alaska,<Dryocoetes autographus>,5369,483.21,0.257
ADS_R10_DCA,190103,Northern Southeast Alaska,willow leaf blotchminer,5352,481.68,0.256
ADS_R10_DCA,190103,Northern Southeast Alaska,birch leafminer,4362,392.58,0.209
ADS_R10_DCA,190103,Northern Southeast Alaska,cottonwood leafblotch miner,3172,285.48,0.152
ADS_R10_DCA,190103,Northern Southeast Alaska,western balsam bark beetle,3118,280.62,0.149
ADS_R10_DCA,190103,Northern Southeast Alaska,striped alder sawfly,2984,268.56,0.143
ADS_R10_DCA,190103,Northern Southeast Alaska,subalpine fir mortality complex,1821,163.89,0.087
ADS_R10_DCA,190103,Northern Southeast Alaska,"other canker agent, known (code pending)",1646,148.14,0.079
ADS_R10_DCA,190103,Northern Southeast Alaska,mortality,1536,138.24,0.073
ADS_R10_DCA,190103,Northern Southeast Alaska,spruce budworm,1262,113.58,0.06
ADS_R10_DCA,190103,Northern Southeast Alaska,fire,959,86.31,0.046
ADS_R10_DCA,190103,Northern Southeast Alaska,northern spruce engraver,572,51.48,0.027
ADS_R10_DCA,190103,Northern Southeast Alaska,yellow-cedar decline,459,41.31,0.022
ADS_R10_DCA,190103,Northern Southeast Alaska,leaf rusts of hardwoods,272,24.48,0.013
ADS_R10_DCA,190103,Northern Southeast Alaska,dieback,168,15.12,0.008
ADS_R10_DCA,190103,Northern Southeast Alaska,Lirula spruce needle blight,160,14.4,0.008
ADS_R10_DCA,190103,Northern Southeast Alaska,snow-ice,94,8.46,0.004
ADS_R10_DCA,190103,Northern Southeast Alaska,spruce bud moth,45,4.05,0.002
ADS_R10_DCA,190103,Northern Southeast Alaska,hemlock canker,41,3.69,0.002
ADS_R10_DCA,190201,Copper River,spruce beetle,1277486,114973.74,41.077
ADS_R10_DCA,190201,Copper River,aspen leafminer,843931,75953.79,27.136
ADS_R10_DCA,190201,Copper River,defoliators,425289,38276.01,13.675
ADS_R10_DCA,190201,Copper River,dieback,263714,23734.26,8.48
ADS_R10_DCA,190201,Copper River,unknown defoliator,91821,8263.89,2.952
ADS_R10_DCA,190201,Copper River,western blackheaded budworm,64913,5842.17,2.087
ADS_R10_DCA,190201,Copper River,large aspen tortrix,55627,5006.43,1.789
ADS_R10_DCA,190201,Copper River,willow leaf blotchminer,47882,4309.38,1.54
ADS_R10_DCA,190201,Copper River,spruce broom rust,29069,2616.21,0.935
ADS_R10_DCA,190201,Copper River,birch leafroller,27892,2510.28,0.897
ADS_R10_DCA,190201,Copper River,large-spored spruce-Labrador tea rust,25802,2322.18,0.83
ADS_R10_DCA,190201,Copper River,canker (general),21336,1920.24,0.686
ADS_R10_DCA,190201,Copper River,Chrysomela leaf beetle,19443,1749.87,0.625
ADS_R10_DCA,190201,Copper River,flooding-high water,17081,1537.29,0.549
ADS_R10_DCA,190201,Copper River,"other canker agent, known (code pending)",11663,1049.67,0.375
ADS_R10_DCA,190201,Copper River,birch leafminer,7218,649.62,0.232
ADS_R10_DCA,190201,Copper River,willow leafblotch miner,6600,594.0,0.212
ADS_R10_DCA,190201,Copper River,northern spruce engraver,4383,394.47,0.141
ADS_R10_DCA,190201,Copper River,unknown canker,3982,358.38,0.128
ADS_R10_DCA,190201,Copper River,decline complex,3493,314.37,0.112
ADS_R10_DCA,190201,Copper River,spear-marked black moth,3165,284.85,0.102
ADS_R10_DCA,190201,Copper River,mud-land slide,1835,165.15,0.059
ADS_R10_DCA,190201,Copper River,winter injury,956,86.04,0.031
ADS_R10_DCA,190201,Copper River,wind-tornado/hurricane,466,41.94,0.015
ADS_R10_DCA,190201,Copper River,spruce aphid,336,30.24,0.011
ADS_R10_DCA,190201,Copper River,spruce budworm,294,26.46,0.009
ADS_R10_DCA,190201,Copper River,fire,217,19.53,0.007
ADS_R10_DCA,190201,Copper River,cottonwood leafminers,211,18.99,0.007
ADS_R10_DCA,190201,Copper River,unknown,149,13.41,0.005
ADS_R10_DCA,190201,Copper River,speckled green fruitworm,132,11.88,0.004
ADS_R10_DCA,190201,Copper River,snow-ice,63,5.67,0.002
ADS_R10_DCA,190201,Copper River,volcano,20,1.8,0.001
ADS_R10_DCA,190202,Prince William Sound,western blackheaded budworm,417394,37565.46,71.946
ADS_R10_DCA,190202,Prince William Sound,defoliators,40473,3642.57,6.976
ADS_R10_DCA,190202,Prince William Sound,spruce aphid,32033,2882.97,5.521
ADS_R10_DCA,190202,Prince William Sound,mortality,28009,2520.81,4.828
ADS_R10_DCA,190202,Prince William Sound,spruce beetle,20942,1884.78,3.61
ADS_R10_DCA,190202,Prince William Sound,dieback,13407,1206.63,2.311
ADS_R10_DCA,190202,Prince William Sound,flooding-high water,10965,986.85,1.89
ADS_R10_DCA,190202,Prince William Sound,decline complex,7113,640.17,1.226
ADS_R10_DCA,190202,Prince William Sound,unknown,4942,444.78,0.852
ADS_R10_DCA,190202,Prince William Sound,unknown defoliator,1974,177.66,0.34
ADS_R10_DCA,190202,Prince William Sound,unknown canker,730,65.7,0.126
ADS_R10_DCA,190202,Prince William Sound,wind-tornado/hurricane,564,50.76,0.097
ADS_R10_DCA,190202,Prince William Sound,Chrysomela leaf beetle,516,46.44,0.089
ADS_R10_DCA,190202,Prince William Sound,"other canker agent, known (code pending)",423,38.07,0.073
ADS_R10_DCA,190202,Prince William Sound,common porcupine,246,22.14,0.042
ADS_R10_DCA,190202,Prince William Sound,canker (general),201,18.09,0.035
ADS_R10_DCA,190202,Prince William Sound,mud-land slide,160,14.4,0.028
ADS_R10_DCA,190202,Prince William Sound,"other wilt, known (code pending)",31,2.79,0.005
ADS_R10_DCA,190202,Prince William Sound,willow leaf blotchminer,22,1.98,0.004
ADS_R10_DCA,190202,Prince William Sound,snow-ice,8,0.72,0.001
ADS_R10_DCA,190203,Kenai Peninsula,spruce beetle,4601569,414141.21,71.361
ADS_R10_DCA,190203,Kenai Peninsula,birch leafminer,737809,66402.81,11.442
ADS_R10_DCA,190203,Kenai Peninsula,unknown defoliator,254278,22885.02,3.943
ADS_R10_DCA,190203,Kenai Peninsula,defoliators,224725,20225.25,3.485
ADS_R10_DCA,190203,Kenai Peninsula,birch leafroller,113774,10239.66,1.764
ADS_R10_DCA,190203,Kenai Peninsula,spruce aphid,81901,7371.09,1.27
ADS_R10_DCA,190203,Kenai Peninsula,large aspen tortrix,71610,6444.9,1.111
ADS_R10_DCA,190203,Kenai Peninsula,spear-marked black moth,65463,5891.67,1.015
ADS_R10_DCA,190203,Kenai Peninsula,fire,58270,5244.3,0.904
ADS_R10_DCA,190203,Kenai Peninsula,large-spored spruce-Labrador tea rust,52465,4721.85,0.814
ADS_R10_DCA,190203,Kenai Peninsula,aspen leafminer,43348,3901.32,0.672
ADS_R10_DCA,190203,Kenai Peninsula,dieback,31682,2851.38,0.491
ADS_R10_DCA,190203,Kenai Peninsula,decline complex,29068,2616.12,0.451
ADS_R10_DCA,190203,Kenai Peninsula,flooding-high water,18366,1652.94,0.285
ADS_R10_DCA,190203,Kenai Peninsula,willow leaf blotchminer,12906,1161.54,0.2
ADS_R10_DCA,190203,Kenai Peninsula,western blackheaded budworm,11240,1011.6,0.174
ADS_R10_DCA,190203,Kenai Peninsula,hemlock sawfly,9927,893.43,0.154
ADS_R10_DCA,190203,Kenai Peninsula,Chrysomela leaf beetle,9209,828.81,0.143
ADS_R10_DCA,190203,Kenai Peninsula,unknown foliage or shoot disease,7957,716.13,0.123
ADS_R10_DCA,190203,Kenai Peninsula,canker (general),5066,455.94,0.079
ADS_R10_DCA,190203,Kenai Peninsula,wind-tornado/hurricane,3896,350.64,0.06
ADS_R10_DCA,190203,Kenai Peninsula,northern spruce engraver,3025,272.25,0.047
ADS_R10_DCA,190203,Kenai Peninsula,unknown canker,2966,266.94,0.046
ADS_R10_DCA,190203,Kenai Peninsula,"other canker agent, known (code pending)",2897,260.73,0.045
ADS_R10_DCA,190203,Kenai Peninsula,mud-land slide,2261,203.49,0.035
ADS_R10_DCA,190203,Kenai Peninsula,unknown,975,87.75,0.015
ADS_R10_DCA,190203,Kenai Peninsula,drought,759,68.31,0.012
ADS_R10_DCA,190203,Kenai Peninsula,northern spruce engraver and spruce beetle,727,65.43,0.011
ADS_R10_DCA,190203,Kenai Peninsula,spruce broom rust,409,36.81,0.006
ADS_R10_DCA,190203,Kenai Peninsula,cottonwood leaf beetle,383,34.47,0.006
ADS_R10_DCA,190203,Kenai Peninsula,"other defoliator, known (code pending)",269,24.21,0.004
ADS_R10_DCA,190203,Kenai Peninsula,unknown abiotic damage,191,17.19,0.003
ADS_R10_DCA,190203,Kenai Peninsula,follow-up 10,156,14.04,0.002
ADS_R10_DCA,190203,Kenai Peninsula,"other wilt, known (code pending)",83,7.47,0.001
ADS_R10_DCA,190203,Kenai Peninsula,bears,71,6.39,0.001
ADS_R10_DCA,190203,Kenai Peninsula,snow-ice,35,3.15,0.001
ADS_R10_DCA,190204,Knik Arm,birch leafminer,1822605,164034.45,46.964
ADS_R10_DCA,190204,Knik Arm,spruce beetle,1251772,112659.48,32.255
ADS_R10_DCA,190204,Knik Arm,defoliators,327264,29453.76,8.433
ADS_R10_DCA,190204,Knik Arm,unknown defoliator,156787,14110.83,4.04
ADS_R10_DCA,190204,Knik Arm,canker (general),77931,7013.79,2.008
ADS_R10_DCA,190204,Knik Arm,large aspen tortrix,73975,6657.75,1.906
ADS_R10_DCA,190204,Knik Arm,decline complex,61384,5524.56,1.582
ADS_R10_DCA,190204,Knik Arm,aspen leafminer,46828,4214.52,1.207
ADS_R10_DCA,190204,Knik Arm,dieback,33611,3024.99,0.866
ADS_R10_DCA,190204,Knik Arm,large-spored spruce-Labrador tea rust,15350,1381.5,0.396
ADS_R10_DCA,190204,Knik Arm,birch leafroller,11437,1029.33,0.295
ADS_R10_DCA,190204,Knik Arm,unknown canker,9862,887.58,0.254
ADS_R10_DCA,190204,Knik Arm,flooding-high water,7050,634.5,0.182
ADS_R10_DCA,190204,Knik Arm,winter injury,4081,367.29,0.105
ADS_R10_DCA,190204,Knik Arm,fire,2233,200.97,0.058
ADS_R10_DCA,190204,Knik Arm,drought,1866,167.94,0.048
ADS_R10_DCA,190204,Knik Arm,striped alder sawfly,1649,148.41,0.042
ADS_R10_DCA,190204,Knik Arm,"other canker agent, known (code pending)",1498,134.82,0.039
ADS_R10_DCA,190204,Knik Arm,northern spruce engraver,1428,128.52,0.037
ADS_R10_DCA,190204,Knik Arm,willow leaf blotchminer,1419,127.71,0.037
ADS_R10_DCA,190204,Knik Arm,mud-land slide,923,83.07,0.024
ADS_R10_DCA,190204,Knik Arm,wind-tornado/hurricane,843,75.87,0.022
ADS_R10_DCA,190204,Knik Arm,Chrysomela leaf beetle,731,65.79,0.019
ADS_R10_DCA,190204,Knik Arm,northern spruce engraver and spruce beetle,626,56.34,0.016
ADS_R10_DCA,190204,Knik Arm,unknown,618,55.62,0.016
ADS_R10_DCA,190204,Knik Arm,spruce broom rust,411,36.99,0.011
ADS_R10_DCA,190204,Knik Arm,snow-ice,269,24.21,0.007
ADS_R10_DCA,190204,Knik Arm,cottonwood leafminers,265,23.85,0.007
ADS_R10_DCA,190205,Susitna River,spruce beetle,8686856,781817.04,67.966
ADS_R10_DCA,190205,Susitna River,birch aphid,1212683,109141.47,9.488
ADS_R10_DCA,190205,Susitna River,defoliators,1087253,97852.77,8.507
ADS_R10_DCA,190205,Susitna River,birch leafminer,676802,60912.18,5.295
ADS_R10_DCA,190205,Susitna River,unknown defoliator,439086,39517.74,3.435
ADS_R10_DCA,190205,Susitna River,speckled green fruitworm,319996,28799.64,2.504
ADS_R10_DCA,190205,Susitna River,rusty tussock moth,187894,16910.46,1.47
ADS_R10_DCA,190205,Susitna River,birch leafroller,141447,12730.23,1.107
ADS_R10_DCA,190205,Susitna River,willow leaf blotchminer,62416,5617.44,0.488
ADS_R10_DCA,190205,Susitna River,large aspen tortrix,56544,5088.96,0.442
ADS_R10_DCA,190205,Susitna River,large-spored spruce-Labrador tea rust,24894,2240.46,0.195
ADS_R10_DCA,190205,Susitna River,flooding-high water,20720,1864.8,0.162
ADS_R10_DCA,190205,Susitna River,unknown canker,15604,1404.36,0.122
ADS_R10_DCA,190205,Susitna River,decline complex,15114,1360.26,0.118
ADS_R10_DCA,190205,Susitna River,aspen leafminer,8528,767.52,0.067
ADS_R10_DCA,190205,Susitna River,northern spruce engraver,7731,695.79,0.06
ADS_R10_DCA,190205,Susitna River,spear-marked black moth,4669,420.21,0.037
ADS_R10_DCA,190205,Susitna River,striped alder sawfly,3837,345.33,0.03
ADS_R10_DCA,190205,Susitna River,spruce broom rust,3507,315.63,0.027
ADS_R10_DCA,190205,Susitna River,snow-ice,3397,305.73,0.027
ADS_R10_DCA,190205,Susitna River,"other canker agent, known (code pending)",3062,275.58,0.024
ADS_R10_DCA,190205,Susitna River,"other wilt, known (code pending)",2754,247.86,0.022
ADS_R10_DCA,190205,Susitna River,northern spruce engraver and spruce beetle,2666,239.94,0.021
ADS_R10_DCA,190205,Susitna River,Chrysomela leaf beetle,2194,197.46,0.017
ADS_R10_DCA,190205,Susitna River,fire,1286,115.74,0.01
ADS_R10_DCA,190205,Susitna River,spruce bud moth,1244,111.96,0.01
ADS_R10_DCA,190205,Susitna River,canker (general),685,61.65,0.005
ADS_R10_DCA,190205,Susitna River,mud-land slide,533,47.97,0.004
ADS_R10_DCA,190205,Susitna River,wind-tornado/hurricane,354,31.86,0.003
ADS_R10_DCA,190205,Susitna River,follow-up 1,159,14.31,0.001
ADS_R10_DCA,190205,Susitna River,spruce budworm,84,7.56,0.001
ADS_R10_DCA,190205,Susitna River,unknown,72,6.48,0.001
ADS_R10_DCA,190205,Susitna River,aspen running canker,35,3.15,0.0
ADS_R10_DCA,190205,Susitna River,cottonwood leaf beetle,25,2.25,0.0
ADS_R10_DCA,190303,Nushagak River,defoliators,810929,72983.61,30.38
ADS_R10_DCA,190303,Nushagak River,western blackheaded budworm,732011,65880.99,27.424
ADS_R10_DCA,190303,Nushagak River,large-spored spruce-Labrador tea rust,364631,32816.79,13.66
ADS_R10_DCA,190303,Nushagak River,speckled green fruitworm,269860,24287.4,10.11
ADS_R10_DCA,190303,Nushagak River,birch leafroller,107936,9714.24,4.044
ADS_R10_DCA,190303,Nushagak River,willow leaf blotchminer,100193,9017.37,3.754
ADS_R10_DCA,190303,Nushagak River,unknown defoliator,89172,8025.48,3.341
ADS_R10_DCA,190303,Nushagak River,spruce beetle,64308,5787.72,2.409
ADS_R10_DCA,190303,Nushagak River,dieback,63264,5693.76,2.37
ADS_R10_DCA,190303,Nushagak River,spruce budworm,23293,2096.37,0.873
ADS_R10_DCA,190303,Nushagak River,decline complex,20358,1832.22,0.763
ADS_R10_DCA,190303,Nushagak River,skeletonizer,17627,1586.43,0.66
ADS_R10_DCA,190303,Nushagak River,aspen leafminer,12482,1123.38,0.468
ADS_R10_DCA,190303,Nushagak River,blight,7811,702.99,0.293
ADS_R10_DCA,190303,Nushagak River,flooding-high water,4306,387.54,0.161
ADS_R10_DCA,190303,Nushagak River,birch leafminer,2155,193.95,0.081
ADS_R10_DCA,190303,Nushagak River,"other wilt, known (code pending)",1243,111.87,0.047
ADS_R10_DCA,190303,Nushagak River,unknown canker,1159,104.31,0.043
ADS_R10_DCA,190303,Nushagak River,northern spruce engraver,794,71.46,0.03
ADS_R10_DCA,190303,Nushagak River,spruce broom rust,690,62.1,0.026
ADS_R10_DCA,190303,Nushagak River,Chrysomela leaf beetle,670,60.3,0.025
ADS_R10_DCA,190303,Nushagak River,canker (general),300,27.0,0.011
ADS_R10_DCA,190303,Nushagak River,"other canker agent, known (code pending)",251,22.59,0.009
ADS_R10_DCA,190303,Nushagak River,cottonwood leafminers,218,19.62,0.008
ADS_R10_DCA,190303,Nushagak River,birch aphid,34,3.06,0.001
ADS_R10_DCA,190304,Upper Kuskokwim River,larch sawfly,3243490,291914.1,55.819
ADS_R10_DCA,190304,Upper Kuskokwim River,spruce beetle,574066,51665.94,9.879
ADS_R10_DCA,190304,Upper Kuskokwim River,aspen leafminer,479309,43137.81,8.249
ADS_R10_DCA,190304,Upper Kuskokwim River,fire,331339,29820.51,5.702
ADS_R10_DCA,190304,Upper Kuskokwim River,northern spruce engraver,276020,24841.8,4.75
ADS_R10_DCA,190304,Upper Kuskokwim River,willow leaf blotchminer,188959,17006.31,3.252
ADS_R10_DCA,190304,Upper Kuskokwim River,large-spored spruce-Labrador tea rust,156337,14070.33,2.69
ADS_R10_DCA,190304,Upper Kuskokwim River,eastern larch beetle,133923,12053.07,2.305
ADS_R10_DCA,190304,Upper Kuskokwim River,unknown defoliator,101845,9166.05,1.753
ADS_R10_DCA,190304,Upper Kuskokwim River,birch leafroller,89952,8095.68,1.548
ADS_R10_DCA,190304,Upper Kuskokwim River,defoliators,77598,6983.82,1.335
ADS_R10_DCA,190304,Upper Kuskokwim River,spear-marked black moth,76955,6925.95,1.324
ADS_R10_DCA,190304,Upper Kuskokwim River,large aspen tortrix,44757,4028.13,0.77
ADS_R10_DCA,190304,Upper Kuskokwim River,canker (general),33489,3014.01,0.576
ADS_R10_DCA,190304,Upper Kuskokwim River,cottonwood leafminers,32304,2907.36,0.556
ADS_R10_DCA,190304,Upper Kuskokwim River,dieback,22995,2069.55,0.396
ADS_R10_DCA,190304,Upper Kuskokwim River,flooding-high water,18863,1697.67,0.325
ADS_R10_DCA,190304,Upper Kuskokwim River,unknown,18222,1639.98,0.314
ADS_R10_DCA,190304,Upper Kuskokwim River,speckled green fruitworm,10689,962.01,0.184
ADS_R10_DCA,190304,Upper Kuskokwim River,decline complex,9259,833.31,0.159
ADS_R10_DCA,190304,Upper Kuskokwim River,foliage and shoot diseases,1429,128.61,0.025
ADS_R10_DCA,190304,Upper Kuskokwim River,unknown canker,1225,110.25,0.021
ADS_R10_DCA,190304,Upper Kuskokwim River,willow leafblotch miner,917,82.53,0.016
ADS_R10_DCA,190304,Upper Kuskokwim River,"other wilt, known (code pending)",654,58.86,0.011
ADS_R10_DCA,190304,Upper Kuskokwim River,spruce broom rust,571,51.39,0.01
ADS_R10_DCA,190304,Upper Kuskokwim River,Chrysomela leaf beetle,524,47.16,0.009
ADS_R10_DCA,190304,Upper Kuskokwim River,"other canker agent, known (code pending)",339,30.51,0.006
ADS_R10_DCA,190305,Lower Kuskokwim River,birch leafroller,396850,35716.5,38.211
ADS_R10_DCA,190305,Lower Kuskokwim River,defoliators,165934,14934.06,15.977
ADS_R10_DCA,190305,Lower Kuskokwim River,spruce beetle,143762,12938.58,13.842
ADS_R10_DCA,190305,Lower Kuskokwim River,unknown defoliator,128926,11603.34,12.414
ADS_R10_DCA,190305,Lower Kuskokwim River,larch sawfly,65016,5851.44,6.26
ADS_R10_DCA,190305,Lower Kuskokwim River,willow leaf blotchminer,47062,4235.58,4.531
ADS_R10_DCA,190305,Lower Kuskokwim River,northern spruce engraver,32232,2900.88,3.103
ADS_R10_DCA,190305,Lower Kuskokwim River,aspen leafminer,19383,1744.47,1.866
ADS_R10_DCA,190305,Lower Kuskokwim River,canker (general),16547,1489.23,1.593
ADS_R10_DCA,190305,Lower Kuskokwim River,large aspen tortrix,16316,1468.44,1.571
ADS_R10_DCA,190305,Lower Kuskokwim River,flooding-high water,9985,898.65,0.961
ADS_R10_DCA,190305,Lower Kuskokwim River,wind-tornado/hurricane,1688,151.92,0.163
ADS_R10_DCA,190305,Lower Kuskokwim River,dieback,1391,125.19,0.134
ADS_R10_DCA,190305,Lower Kuskokwim River,decline complex,634,57.06,0.061
ADS_R10_DCA,190305,Lower Kuskokwim River,fire,493,44.37,0.047
ADS_R10_DCA,190305,Lower Kuskokwim River,"other wilt, known (code pending)",234,21.06,0.023
ADS_R10_DCA,190305,Lower Kuskokwim River,large-spored spruce-Labrador tea rust,117,10.53,0.011
ADS_R10_DCA,190503,Kobuk-Selawik Rivers,aspen leafminer,275950,24835.5,59.493
ADS_R10_DCA,190503,Kobuk-Selawik Rivers,unknown defoliator,47316,4258.44,10.201
ADS_R10_DCA,190503,Kobuk-Selawik Rivers,willow leaf blotchminer,31095,2798.55,6.704
ADS_R10_DCA,190503,Kobuk-Selawik Rivers,eastern larch beetle,21811,1962.99,4.702
ADS_R10_DCA,190503,Kobuk-Selawik Rivers,northern spruce engraver,18855,1696.95,4.065
ADS_R10_DCA,190503,Kobuk-Selawik Rivers,large aspen tortrix,18736,1686.24,4.039
ADS_R10_DCA,190503,Kobuk-Selawik Rivers,spruce budworm,14549,1309.41,3.137
ADS_R10_DCA,190503,Kobuk-Selawik Rivers,defoliators,12819,1153.71,2.764
ADS_R10_DCA,190503,Kobuk-Selawik Rivers,flooding-high water,10308,927.72,2.222
ADS_R10_DCA,190503,Kobuk-Selawik Rivers,spruce beetle,5374,483.66,1.159
ADS_R10_DCA,190503,Kobuk-Selawik Rivers,dieback,4079,367.11,0.879
ADS_R10_DCA,190503,Kobuk-Selawik Rivers,canker (general),1052,94.68,0.227
ADS_R10_DCA,190503,Kobuk-Selawik Rivers,birch leafroller,685,61.65,0.148
ADS_R10_DCA,190503,Kobuk-Selawik Rivers,large-spored spruce-Labrador tea rust,497,44.73,0.107
ADS_R10_DCA,190503,Kobuk-Selawik Rivers,spear-marked black moth,290,26.1,0.063
ADS_R10_DCA,190503,Kobuk-Selawik Rivers,winter injury,186,16.74,0.04
ADS_R10_DCA,190503,Kobuk-Selawik Rivers,spruce broom rust,108,9.72,0.023
ADS_R10_DCA,190503,Kobuk-Selawik Rivers,"other wilt, known (code pending)",85,7.65,0.018
ADS_R10_DCA,190503,Kobuk-Selawik Rivers,blight,61,5.49,0.013
ADS_R10_DCA,190503,Kobuk-Selawik Rivers,larch sawfly,18,1.62,0.004
ADS_R10_DCA,190503,Kobuk-Selawik Rivers,decline complex,17,1.53,0.004
ADS_R10_DCA,190705,Fortymile River-Yukon River,aspen leafminer,688899,62000.91,51.744
ADS_R10_DCA,190705,Fortymile River-Yukon River,willow leaf blotchminer,411385,37024.65,30.9
ADS_R10_DCA,190705,Fortymile River-Yukon River,northern spruce engraver,56198,5057.82,4.221
ADS_R10_DCA,190705,Fortymile River-Yukon River,spruce beetle,52629,4736.61,3.953
ADS_R10_DCA,190705,Fortymile River-Yukon River,defoliators,38967,3507.03,2.927
ADS_R10_DCA,190705,Fortymile River-Yukon River,unknown defoliator,17565,1580.85,1.319
ADS_R10_DCA,190705,Fortymile River-Yukon River,flooding-high water,15497,1394.73,1.164
ADS_R10_DCA,190705,Fortymile River-Yukon River,large aspen tortrix,12586,1132.74,0.945
ADS_R10_DCA,190705,Fortymile River-Yukon River,unknown canker,11033,992.97,0.829
ADS_R10_DCA,190705,Fortymile River-Yukon River,willow leafblotch miner,6764,608.76,0.508
ADS_R10_DCA,190705,Fortymile River-Yukon River,birch aphid,5365,482.85,0.403
ADS_R10_DCA,190705,Fortymile River-Yukon River,decline complex,5099,458.91,0.383
ADS_R10_DCA,190705,Fortymile River-Yukon River,spruce budworm,5069,456.21,0.381
ADS_R10_DCA,190705,Fortymile River-Yukon River,birch leafroller,4777,429.93,0.359
ADS_R10_DCA,190705,Fortymile River-Yukon River,fire,3734,336.06,0.28
ADS_R10_DCA,190705,Fortymile River-Yukon River,unknown,2150,193.5,0.161
ADS_R10_DCA,190705,Fortymile River-Yukon River,birch leafminer,1596,143.64,0.12
ADS_R10_DCA,190705,Fortymile River-Yukon River,spear-marked black moth,1530,137.7,0.115
ADS_R10_DCA,190705,Fortymile River-Yukon River,"other wilt, known (code pending)",1224,110.16,0.092
ADS_R10_DCA,190705,Fortymile River-Yukon River,cottonwood leafminers,1148,103.32,0.086
ADS_R10_DCA,190705,Fortymile River-Yukon River,dieback,431,38.79,0.032
ADS_R10_DCA,190705,Fortymile River-Yukon River,Chrysomela leaf beetle,422,37.98,0.032
ADS_R10_DCA,190705,Fortymile River-Yukon River,mud-land slide,346,31.14,0.026
ADS_R10_DCA,190705,Fortymile River-Yukon River,spruce broom rust,90,8.1,0.007
ADS_R10_DCA,190705,Fortymile River-Yukon River,wind-tornado/hurricane,46,4.14,0.003
ADS_R10_DCA,190705,Fortymile River-Yukon River,cottonwood leaf beetle,29,2.61,0.002
ADS_R10_DCA,190705,Fortymile River-Yukon River,large-spored spruce-Labrador tea rust,18,1.62,0.001
ADS_R10_DCA,190705,Fortymile River-Yukon River,"other canker agent, known (code pending)",6,0.54,0.0
ADS_R10_DCA,190801,Porcupine River,aspen leafminer,4421556,397940.04,59.283
ADS_R10_DCA,190801,Porcupine River,willow leaf blotchminer,2056277,185064.93,27.57
ADS_R10_DCA,190801,Porcupine River,fire,603824,54344.16,8.096
ADS_R10_DCA,190801,Porcupine River,northern spruce engraver,152553,13729.77,2.045
ADS_R10_DCA,190801,Porcupine River,defoliators,87713,7894.17,1.176
ADS_R10_DCA,190801,Porcupine River,willow leafblotch miner,44469,4002.21,0.596
ADS_R10_DCA,190801,Porcupine River,unknown defoliator,24404,2196.36,0.327
ADS_R10_DCA,190801,Porcupine River,decline complex,21847,1966.23,0.293
ADS_R10_DCA,190801,Porcupine River,"other wilt, known (code pending)",21528,1937.52,0.289
ADS_R10_DCA,190801,Porcupine River,canker (general),19011,1710.99,0.255
ADS_R10_DCA,190801,Porcupine River,large aspen tortrix,10548,949.32,0.141
ADS_R10_DCA,190801,Porcupine River,flooding-high water,5751,517.59,0.077
ADS_R10_DCA,190801,Porcupine River,unknown canker,4291,386.19,0.058
ADS_R10_DCA,190801,Porcupine River,spruce beetle,3615,325.35,0.048
ADS_R10_DCA,190801,Porcupine River,spruce broom rust,3413,307.17,0.046
ADS_R10_DCA,190801,Porcupine River,spruce budworm,1858,167.22,0.025
ADS_R10_DCA,190801,Porcupine River,unknown,1380,124.2,0.019
ADS_R10_DCA,190801,Porcupine River,spear-marked black moth,1346,121.14,0.018
ADS_R10_DCA,190801,Porcupine River,dieback,1224,110.16,0.016
ADS_R10_DCA,190801,Porcupine River,cottonwood leafminers,1131,101.79,0.015
ADS_R10_DCA,190801,Porcupine River,birch aphid,851,76.59,0.011
ADS_R10_DCA,190801,Porcupine River,Chrysomela leaf beetle,337,30.33,0.005
ADS_R10_DCA,190802,Chandalar-Christian River,willow leaf blotchminer,834566,75110.94,43.013
ADS_R10_DCA,190802,Chandalar-Christian River,aspen leafminer,537268,48354.12,27.69
ADS_R10_DCA,190802,Chandalar-Christian River,spruce budworm,212441,19119.69,10.949
ADS_R10_DCA,190802,Chandalar-Christian River,northern spruce engraver,160036,14403.24,8.248
ADS_R10_DCA,190802,Chandalar-Christian River,defoliators,108012,9721.08,5.567
ADS_R10_DCA,190802,Chandalar-Christian River,Lirula spruce needle blight,25032,2252.88,1.29
ADS_R10_DCA,190802,Chandalar-Christian River,large aspen tortrix,13872,1248.48,0.715
ADS_R10_DCA,190802,Chandalar-Christian River,spruce bud moth,10749,967.41,0.554
ADS_R10_DCA,190802,Chandalar-Christian River,willow leafblotch miner,8046,724.14,0.415
ADS_R10_DCA,190802,Chandalar-Christian River,spear-marked black moth,7032,632.88,0.362
ADS_R10_DCA,190802,Chandalar-Christian River,canker (general),4819,433.71,0.248
ADS_R10_DCA,190802,Chandalar-Christian River,spruce broom rust,4439,399.51,0.229
ADS_R10_DCA,190802,Chandalar-Christian River,unknown defoliator,4435,399.15,0.229
ADS_R10_DCA,190802,Chandalar-Christian River,decline complex,3968,357.12,0.205
ADS_R10_DCA,190802,Chandalar-Christian River,spruce beetle,3725,335.25,0.192
ADS_R10_DCA,190802,Chandalar-Christian River,dieback,1175,105.75,0.061
ADS_R10_DCA,190802,Chandalar-Christian River,flooding-high water,1159,104.31,0.06
ADS_R10_DCA,190802,Chandalar-Christian River,unknown canker,707,63.63,0.036
ADS_R10_DCA,190802,Chandalar-Christian River,fire,568,51.12,0.029
ADS_R10_DCA,190802,Chandalar-Christian River,mud-land slide,370,33.3,0.019
ADS_R10_DCA,190802,Chandalar-Christian River,foliage and shoot diseases,336,30.24,0.017
ADS_R10_DCA,190802,Chandalar-Christian River,cottonwood leafminers,80,7.2,0.004
ADS_R10_DCA,190803,Tanana River,aspen leafminer,14800779,1332070.11,68.54
ADS_R10_DCA,190803,Tanana River,willow leaf blotchminer,1652102,148689.18,7.651
ADS_R10_DCA,190803,Tanana River,spruce budworm,938979,84508.11,4.348
ADS_R10_DCA,190803,Tanana River,flooding-high water,647423,58268.07,2.998
ADS_R10_DCA,190803,Tanana River,spruce beetle,569808,51282.72,2.639
ADS_R10_DCA,190803,Tanana River,defoliators,558656,50279.04,2.587
ADS_R10_DCA,190803,Tanana River,birch leafminer,504480,45403.2,2.336
ADS_R10_DCA,190803,Tanana River,larch sawfly,454749,40927.41,2.106
ADS_R10_DCA,190803,Tanana River,large aspen tortrix,330517,29746.53,1.531
ADS_R10_DCA,190803,Tanana River,unknown defoliator,282166,25394.94,1.307
ADS_R10_DCA,190803,Tanana River,northern spruce engraver,281453,25330.77,1.303
ADS_R10_DCA,190803,Tanana River,fire,180889,16280.01,0.838
ADS_R10_DCA,190803,Tanana River,birch leafroller,105023,9452.07,0.486
ADS_R10_DCA,190803,Tanana River,eastern larch beetle,56239,5061.51,0.26
ADS_R10_DCA,190803,Tanana River,birch aphid,52949,4765.41,0.245
ADS_R10_DCA,190803,Tanana River,dieback,41185,3706.65,0.191
ADS_R10_DCA,190803,Tanana River,willow leafblotch miner,38612,3475.08,0.179
ADS_R10_DCA,190803,Tanana River,decline complex,35436,3189.24,0.164
ADS_R10_DCA,190803,Tanana River,unknown,33220,2989.8,0.154
ADS_R10_DCA,190803,Tanana River,unknown canker,33160,2984.4,0.154
ADS_R10_DCA,190803,Tanana River,"other wilt, known (code pending)",29952,2695.68,0.139
ADS_R10_DCA,190803,Tanana River,spear-marked black moth,25364,2282.76,0.117
ADS_R10_DCA,190803,Tanana River,wind-tornado/hurricane,19439,1749.51,0.09
ADS_R10_DCA,190803,Tanana River,cottonwood leafminers,16315,1468.35,0.076
ADS_R10_DCA,190803,Tanana River,rusty tussock moth,10474,942.66,0.049
ADS_R10_DCA,190803,Tanana River,snow-ice,10278,925.02,0.048
ADS_R10_DCA,190803,Tanana River,"other canker agent, known (code pending)",8210,738.9,0.038
ADS_R10_DCA,190803,Tanana River,canker (general),4868,438.12,0.023
ADS_R10_DCA,190803,Tanana River,spruce broom rust,4666,419.94,0.022
ADS_R10_DCA,190803,Tanana River,large-spored spruce-Labrador tea rust,3610,324.9,0.017
ADS_R10_DCA,190803,Tanana River,spruce bud moth,3303,297.27,0.015
ADS_R10_DCA,190803,Tanana River,Chrysomela leaf beetle,978,88.02,0.005
ADS_R10_DCA,190803,Tanana River,winter injury,894,80.46,0.004
ADS_R10_DCA,190803,Tanana River,aspen running canker,760,68.4,0.004
ADS_R10_DCA,190803,Tanana River,Lirula spruce needle blight,420,37.8,0.002
ADS_R10_DCA,190803,Tanana River,mud-land slide,170,15.3,0.001
ADS_R10_DCA,190803,Tanana River,"other rust, known (code pending)",81,7.29,0.0
ADS_R10_DCA,190803,Tanana River,common porcupine,56,5.04,0.0
ADS_R10_DCA,190803,Tanana River,foliage and shoot diseases,41,3.69,0.0
ADS_R10_DCA,190804,Beaver Creek-Yukon River,aspen leafminer,2875649,258808.41,46.929
ADS_R10_DCA,190804,Beaver Creek-Yukon River,willow leaf blotchminer,2431483,218833.47,39.68
ADS_R10_DCA,190804,Beaver Creek-Yukon River,spruce budworm,245030,22052.7,3.999
ADS_R10_DCA,190804,Beaver Creek-Yukon River,northern spruce engraver,179688,16171.92,2.932
ADS_R10_DCA,190804,Beaver Creek-Yukon River,defoliators,166744,15006.96,2.721
ADS_R10_DCA,190804,Beaver Creek-Yukon River,unknown defoliator,72166,6494.94,1.178
ADS_R10_DCA,190804,Beaver Creek-Yukon River,willow leafblotch miner,56734,5106.06,0.926
ADS_R10_DCA,190804,Beaver Creek-Yukon River,spruce beetle,50702,4563.18,0.827
ADS_R10_DCA,190804,Beaver Creek-Yukon River,large aspen tortrix,32186,2896.74,0.525
ADS_R10_DCA,190804,Beaver Creek-Yukon River,larch sawfly,23265,2093.85,0.38
ADS_R10_DCA,190804,Beaver Creek-Yukon River,flooding-high water,22451,2020.59,0.366
ADS_R10_DCA,190804,Beaver Creek-Yukon River,decline complex,19930,1793.7,0.325
ADS_R10_DCA,190804,Beaver Creek-Yukon River,"other wilt, known (code pending)",12577,1131.93,0.205
ADS_R10_DCA,190804,Beaver Creek-Yukon River,unknown canker,12023,1082.07,0.196
ADS_R10_DCA,190804,Beaver Creek-Yukon River,snow-ice,6814,613.26,0.111
ADS_R10_DCA,190804,Beaver Creek-Yukon River,dieback,6771,609.39,0.11
ADS_R10_DCA,190804,Beaver Creek-Yukon River,birch aphid,5994,539.46,0.098
ADS_R10_DCA,190804,Beaver Creek-Yukon River,birch leafroller,5448,490.32,0.089
ADS_R10_DCA,190804,Beaver Creek-Yukon River,fire,4869,438.21,0.079
ADS_R10_DCA,190804,Beaver Creek-Yukon River,spruce broom rust,4034,363.06,0.066
ADS_R10_DCA,190804,Beaver Creek-Yukon River,foliage and shoot diseases,2027,182.43,0.033
ADS_R10_DCA,190804,Beaver Creek-Yukon River,canker (general),1928,173.52,0.031
ADS_R10_DCA,190804,Beaver Creek-Yukon River,unknown,1362,122.58,0.022
ADS_R10_DCA,190804,Beaver Creek-Yukon River,spear-marked black moth,952,85.68,0.016
ADS_R10_DCA,190804,Beaver Creek-Yukon River,wind-tornado/hurricane,256,23.04,0.004
ADS_R10_DCA,190804,Beaver Creek-Yukon River,Lirula spruce needle blight,216,19.44,0.004
ADS_R10_DCA,190804,Beaver Creek-Yukon River,large-spored spruce-Labrador tea rust,207,18.63,0.003
ADS_R10_DCA,190804,Beaver Creek-Yukon River,battered sallow,72,6.48,0.001
ADS_R10_DCA,190804,Beaver Creek-Yukon River,"other canker agent, known (code pending)",55,4.95,0.001
ADS_R10_DCA,190804,Beaver Creek-Yukon River,Chrysomela leaf beetle,51,4.59,0.001
ADS_R10_DCA,190804,Beaver Creek-Yukon River,mud-land slide,33,2.97,0.001
ADS_R10_DCA,190901,Koyukuk River,aspen leafminer,514634,46317.06,39.589
ADS_R10_DCA,190901,Koyukuk River,willow leaf blotchminer,358571,32271.39,27.583
ADS_R10_DCA,190901,Koyukuk River,unknown defoliator,137779,12400.11,10.599
ADS_R10_DCA,190901,Koyukuk River,defoliators,94958,8546.22,7.305
ADS_R10_DCA,190901,Koyukuk River,northern spruce engraver,82294,7406.46,6.331
ADS_R10_DCA,190901,Koyukuk River,large aspen tortrix,52400,4716.0,4.031
ADS_R10_DCA,190901,Koyukuk River,spear-marked black moth,14278,1285.02,1.098
ADS_R10_DCA,190901,Koyukuk River,spruce budworm,10597,953.73,0.815
ADS_R10_DCA,190901,Koyukuk River,flooding-high water,7298,656.82,0.561
ADS_R10_DCA,190901,Koyukuk River,spruce broom rust,7202,648.18,0.554
ADS_R10_DCA,190901,Koyukuk River,willow leafblotch miner,6114,550.26,0.47
ADS_R10_DCA,190901,Koyukuk River,birch leafroller,2687,241.83,0.207
ADS_R10_DCA,190901,Koyukuk River,spruce beetle,2635,237.15,0.203
ADS_R10_DCA,190901,Koyukuk River,birch leafminer,1368,123.12,0.105
ADS_R10_DCA,190901,Koyukuk River,speckled green fruitworm,1287,115.83,0.099
ADS_R10_DCA,190901,Koyukuk River,wind-tornado/hurricane,1270,114.3,0.098
ADS_R10_DCA,190901,Koyukuk River,larch sawfly,1101,99.09,0.085
ADS_R10_DCA,190901,Koyukuk River,dieback,1085,97.65,0.083
ADS_R10_DCA,190901,Koyukuk River,decline complex,767,69.03,0.059
ADS_R10_DCA,190901,Koyukuk River,birch aphid,736,66.24,0.057
ADS_R10_DCA,190901,Koyukuk River,cottonwood leafminers,675,60.75,0.052
ADS_R10_DCA,190901,Koyukuk River,canker (general),485,43.65,0.037
ADS_R10_DCA,190901,Koyukuk River,"other canker agent, known (code pending)",220,19.8,0.017
ADS_R10_DCA,190901,Koyukuk River,unknown canker,203,18.27,0.016
ADS_R10_DCA,190901,Koyukuk River,eastern larch beetle,51,4.59,0.004
ADS_R10_DCA,190901,Koyukuk River,large-spored spruce-Labrador tea rust,44,3.96,0.003
ADS_R10_DCA,190901,Koyukuk River,mud-land slide,35,3.15,0.003
ADS_R10_DCA,190902,Melozitna River-Yukon River,aspen leafminer,678799,61091.91,24.474
ADS_R10_DCA,190902,Melozitna River-Yukon River,spruce budworm,517024,46532.16,18.641
ADS_R10_DCA,190902,Melozitna River-Yukon River,willow leaf blotchminer,484998,43649.82,17.486
ADS_R10_DCA,190902,Melozitna River-Yukon River,flooding-high water,302421,27217.89,10.904
ADS_R10_DCA,190902,Melozitna River-Yukon River,larch sawfly,212337,19110.33,7.656
ADS_R10_DCA,190902,Melozitna River-Yukon River,spruce beetle,105311,9477.99,3.797
ADS_R10_DCA,190902,Melozitna River-Yukon River,eastern larch beetle,102133,9191.97,3.682
ADS_R10_DCA,190902,Melozitna River-Yukon River,northern spruce engraver,78182,7036.38,2.819
ADS_R10_DCA,190902,Melozitna River-Yukon River,defoliators,72240,6501.6,2.605
ADS_R10_DCA,190902,Melozitna River-Yukon River,unknown defoliator,70812,6373.08,2.553
ADS_R10_DCA,190902,Melozitna River-Yukon River,large aspen tortrix,51889,4670.01,1.871
ADS_R10_DCA,190902,Melozitna River-Yukon River,winter injury,45668,4110.12,1.647
ADS_R10_DCA,190902,Melozitna River-Yukon River,willow leafblotch miner,43771,3939.39,1.578
ADS_R10_DCA,190902,Melozitna River-Yukon River,fire,11089,998.01,0.4
ADS_R10_DCA,190902,Melozitna River-Yukon River,birch leafroller,9915,892.35,0.357
ADS_R10_DCA,190902,Melozitna River-Yukon River,dieback,4826,434.34,0.174
ADS_R10_DCA,190902,Melozitna River-Yukon River,unknown,3095,278.55,0.112
ADS_R10_DCA,190902,Melozitna River-Yukon River,large-spored spruce-Labrador tea rust,2998,269.82,0.108
ADS_R10_DCA,190902,Melozitna River-Yukon River,unknown canker,2267,204.03,0.082
ADS_R10_DCA,190902,Melozitna River-Yukon River,spruce broom rust,1026,92.34,0.037
ADS_R10_DCA,190902,Melozitna River-Yukon River,speckled green fruitworm,567,51.03,0.02
ADS_R10_DCA,190902,Melozitna River-Yukon River,"other canker agent, known (code pending)",158,14.22,0.006
ADS_R10_DCA,190902,Melozitna River-Yukon River,wind-tornado/hurricane,86,7.74,0.003
ADS_R10_DCA,190902,Melozitna River-Yukon River,canker (general),59,5.31,0.002
ADS_R10_DCA,190902,Melozitna River-Yukon River,birch leafminer,55,4.95,0.002
ADS_R10_DCA,190902,Melozitna River-Yukon River,mud-land slide,18,1.62,0.001
ADS_R10_DCA,190903,Outlet Yukon River,birch leafroller,688841,61995.69,23.215
ADS_R10_DCA,190903,Outlet Yukon River,unknown defoliator,597535,53778.15,20.138
ADS_R10_DCA,190903,Outlet Yukon River,larch sawfly,528190,47537.1,17.801
ADS_R10_DCA,190903,Outlet Yukon River,defoliators,444215,39979.35,14.971
ADS_R10_DCA,190903,Outlet Yukon River,willow leaf blotchminer,323345,29101.05,10.897
ADS_R10_DCA,190903,Outlet Yukon River,speckled green fruitworm,166947,15025.23,5.626
ADS_R10_DCA,190903,Outlet Yukon River,northern spruce engraver,84689,7622.01,2.854
ADS_R10_DCA,190903,Outlet Yukon River,large aspen tortrix,63554,5719.86,2.142
ADS_R10_DCA,190903,Outlet Yukon River,aspen leafminer,52940,4764.6,1.784
ADS_R10_DCA,190903,Outlet Yukon River,flooding-high water,9735,876.15,0.328
ADS_R10_DCA,190903,Outlet Yukon River,canker (general),6323,569.07,0.213
ADS_R10_DCA,190903,Outlet Yukon River,spruce beetle,4116,370.44,0.139
ADS_R10_DCA,190903,Outlet Yukon River,cottonwood leafminers,2968,267.12,0.1
ADS_R10_DCA,190903,Outlet Yukon River,dieback,1304,117.36,0.044
ADS_R10_DCA,190903,Outlet Yukon River,foliage and shoot diseases,975,87.75,0.033
ADS_R10_DCA,190903,Outlet Yukon River,decline complex,582,52.38,0.02
ADS_R10_DCA,190903,Outlet Yukon River,"other canker agent, known (code pending)",465,41.85,0.016
ADS_R10_DCA,190903,Outlet Yukon River,mud-land slide,141,12.69,0.005
ADS_R10_DCA,190903,Outlet Yukon River,"other wilt, known (code pending)",76,6.84,0.003
ADS_R10_DCA,190903,Outlet Yukon River,large-spored spruce-Labrador tea rust,60,5.4,0.002
ADS_R10_DCA,190903,Outlet Yukon River,eastern larch beetle,45,4.05,0.002
ADS_R10_DCA,190903,Outlet Yukon River,unknown,17,1.53,0.001
ADS_R10_DCA,190903,Outlet Yukon River,spruce broom rust,13,1.17,0.0
